Sample ID,Family ID,Sex,Population,Superpopulation,Repository,Description,Affected,References,Link
HG02973,NG23,M,ESN,AFR,NHGRI,1000 GENOMES PROJECT - ESAN FROM NIGERIA;1000 GENOMES PROJECT - PANEL OF 111 ESAN FROM NIGERIA,NA,1kg_phase3;1kg_GRCh38,"=HYPERLINK(""https://catalog.coriell.org/0/Sections/Search/Sample_Detail.aspx?Ref=HG02973"",""HG02973"")"
HG02974,NG23,F,ESN,AFR,NHGRI,1000 GENOMES PROJECT - ESAN FROM NIGERIA;1000 GENOMES PROJECT - PANEL OF 111 ESAN FROM NIGERIA,NA,1kg_phase3;1kg_GRCh38,"=HYPERLINK(""https://catalog.coriell.org/0/Sections/Search/Sample_Detail.aspx?Ref=HG02974"",""HG02974"")"
HG03099,NG26,F,ESN,AFR,NHGRI,1000 GENOMES PROJECT - ESAN FROM NIGERIA;1000 GENOMES PROJECT - PANEL OF 111 ESAN FROM NIGERIA,NA,1kg_phase3;1kg_GRCh38,"=HYPERLINK(""https://catalog.coriell.org/0/Sections/Search/Sample_Detail.aspx?Ref=HG03099"",""HG03099"")"
HG03100,NG26,M,ESN,AFR,NHGRI,1000 GENOMES PROJECT - ESAN FROM NIGERIA;1000 GENOMES PROJECT - PANEL OF 111 ESAN FROM NIGERIA,NA,1kg_phase3;1kg_GRCh38,"=HYPERLINK(""https://catalog.coriell.org/0/Sections/Search/Sample_Detail.aspx?Ref=HG03100"",""HG03100"")"
HG03120,NG33,M,ESN,AFR,NHGRI,1000 GENOMES PROJECT - ESAN FROM NIGERIA;1000 GENOMES PROJECT - PANEL OF 111 ESAN FROM NIGERIA,NA,1kg_phase3;1kg_GRCh38,"=HYPERLINK(""https://catalog.coriell.org/0/Sections/Search/Sample_Detail.aspx?Ref=HG03120"",""HG03120"")"
HG03121,NG33,F,ESN,AFR,NHGRI,1000 GENOMES PROJECT - ESAN FROM NIGERIA;1000 GENOMES PROJECT - PANEL OF 111 ESAN FROM NIGERIA,NA,1kg_phase3;1kg_GRCh38,"=HYPERLINK(""https://catalog.coriell.org/0/Sections/Search/Sample_Detail.aspx?Ref=HG03121"",""HG03121"")"
HG03129,NG36,F,ESN,AFR,NHGRI,1000 GENOMES PROJECT - ESAN FROM NIGERIA;1000 GENOMES PROJECT - PANEL OF 111 ESAN FROM NIGERIA,NA,1kg_phase3;1kg_GRCh38,"=HYPERLINK(""https://catalog.coriell.org/0/Sections/Search/Sample_Detail.aspx?Ref=HG03129"",""HG03129"")"
HG03130,NG36,M,ESN,AFR,NHGRI,1000 GENOMES PROJECT - ESAN FROM NIGERIA;1000 GENOMES PROJECT - PANEL OF 111 ESAN FROM NIGERIA,NA,1kg_phase3;1kg_GRCh38,"=HYPERLINK(""https://catalog.coriell.org/0/Sections/Search/Sample_Detail.aspx?Ref=HG03130"",""HG03130"")"
HG03168,NG49,F,ESN,AFR,NHGRI,1000 GENOMES PROJECT - ESAN FROM NIGERIA;1000 GENOMES PROJECT - PANEL OF 111 ESAN FROM NIGERIA,NA,1kg_phase3;1kg_GRCh38,"=HYPERLINK(""https://catalog.coriell.org/0/Sections/Search/Sample_Detail.aspx?Ref=HG03168"",""HG03168"")"
HG03169,NG49,M,ESN,AFR,NHGRI,1000 GENOMES PROJECT - ESAN FROM NIGERIA;1000 GENOMES PROJECT - PANEL OF 111 ESAN FROM NIGERIA,NA,1kg_phase3;1kg_GRCh38,"=HYPERLINK(""https://catalog.coriell.org/0/Sections/Search/Sample_Detail.aspx?Ref=HG03169"",""HG03169"")"
HG03300,NG75,F,ESN,AFR,NHGRI,1000 GENOMES PROJECT - ESAN FROM NIGERIA;1000 GENOMES PROJECT - PANEL OF 111 ESAN FROM NIGERIA,NA,1kg_phase3;1kg_GRCh38,"=HYPERLINK(""https://catalog.coriell.org/0/Sections/Search/Sample_Detail.aspx?Ref=HG03300"",""HG03300"")"
HG03301,NG75,M,ESN,AFR,NHGRI,1000 GENOMES PROJECT - ESAN FROM NIGERIA;1000 GENOMES PROJECT - PANEL OF 111 ESAN FROM NIGERIA,NA,1kg_phase3;1kg_GRCh38,"=HYPERLINK(""https://catalog.coriell.org/0/Sections/Search/Sample_Detail.aspx?Ref=HG03301"",""HG03301"")"
HG03306,NG77,F,ESN,AFR,NHGRI,1000 GENOMES PROJECT - ESAN FROM NIGERIA;1000 GENOMES PROJECT - PANEL OF 111 ESAN FROM NIGERIA,NA,1kg_GRCh38,"=HYPERLINK(""https://catalog.coriell.org/0/Sections/Search/Sample_Detail.aspx?Ref=HG03306"",""HG03306"")"
HG03307,NG77,M,ESN,AFR,NHGRI,1000 GENOMES PROJECT - ESAN FROM NIGERIA;1000 GENOMES PROJECT - PANEL OF 111 ESAN FROM NIGERIA,NA,1kg_GRCh38,"=HYPERLINK(""https://catalog.coriell.org/0/Sections/Search/Sample_Detail.aspx?Ref=HG03307"",""HG03307"")"
HG03520,NG109,F,ESN,AFR,NHGRI,1000 GENOMES PROJECT - ESAN FROM NIGERIA;1000 GENOMES PROJECT - PANEL OF 111 ESAN FROM NIGERIA,NA,1kg_phase3;1kg_GRCh38,"=HYPERLINK(""https://catalog.coriell.org/0/Sections/Search/Sample_Detail.aspx?Ref=HG03520"",""HG03520"")"
HG03521,NG109,M,ESN,AFR,NHGRI,1000 GENOMES PROJECT - ESAN FROM NIGERIA;1000 GENOMES PROJECT - PANEL OF 111 ESAN FROM NIGERIA,NA,1kg_phase3;1kg_GRCh38,"=HYPERLINK(""https://catalog.coriell.org/0/Sections/Search/Sample_Detail.aspx?Ref=HG03521"",""HG03521"")"
HG02561,GB18,M,GWD,AFR,NHGRI,1000 GENOMES PROJECT - GAMBIAN IN WESTERN DIVISION- THE GAMBIA;1000 GENOMES PROJECT - PANEL OF 120 GAMBIAN IN WESTERN DIVISION,NA,1kg_phase3;1kg_GRCh38,"=HYPERLINK(""https://catalog.coriell.org/0/Sections/Search/Sample_Detail.aspx?Ref=HG02561"",""HG02561"")"
HG02562,GB18,F,GWD,AFR,NHGRI,1000 GENOMES PROJECT - GAMBIAN IN WESTERN DIVISION- THE GAMBIA;1000 GENOMES PROJECT - PANEL OF 120 GAMBIAN IN WESTERN DIVISION,NA,1kg_phase3;1kg_GRCh38,"=HYPERLINK(""https://catalog.coriell.org/0/Sections/Search/Sample_Detail.aspx?Ref=HG02562"",""HG02562"")"
HG02620,GB31,M,GWD,AFR,NHGRI,1000 GENOMES PROJECT - GAMBIAN IN WESTERN DIVISION- THE GAMBIA;1000 GENOMES PROJECT - PANEL OF 120 GAMBIAN IN WESTERN DIVISION,NA,1kg_phase3;1kg_GRCh38,"=HYPERLINK(""https://catalog.coriell.org/0/Sections/Search/Sample_Detail.aspx?Ref=HG02620"",""HG02620"")"
HG02621,GB31,F,GWD,AFR,NHGRI,1000 GENOMES PROJECT - GAMBIAN IN WESTERN DIVISION- THE GAMBIA;1000 GENOMES PROJECT - PANEL OF 120 GAMBIAN IN WESTERN DIVISION,NA,1kg_phase3;1kg_GRCh38,"=HYPERLINK(""https://catalog.coriell.org/0/Sections/Search/Sample_Detail.aspx?Ref=HG02621"",""HG02621"")"
HG02721,GB52,M,GWD,AFR,NHGRI,1000 GENOMES PROJECT - GAMBIAN IN WESTERN DIVISION- THE GAMBIA;1000 GENOMES PROJECT - PANEL OF 120 GAMBIAN IN WESTERN DIVISION,NA,1kg_phase3;1kg_GRCh38,"=HYPERLINK(""https://catalog.coriell.org/0/Sections/Search/Sample_Detail.aspx?Ref=HG02721"",""HG02721"")"
HG02722,GB52,F,GWD,AFR,NHGRI,1000 GENOMES PROJECT - GAMBIAN IN WESTERN DIVISION- THE GAMBIA;1000 GENOMES PROJECT - PANEL OF 120 GAMBIAN IN WESTERN DIVISION,NA,1kg_phase3;1kg_GRCh38,"=HYPERLINK(""https://catalog.coriell.org/0/Sections/Search/Sample_Detail.aspx?Ref=HG02722"",""HG02722"")"
HG02768,GB57,M,GWD,AFR,NHGRI,1000 GENOMES PROJECT - GAMBIAN IN WESTERN DIVISION- THE GAMBIA;1000 GENOMES PROJECT - PANEL OF 120 GAMBIAN IN WESTERN DIVISION,NA,1kg_phase3;1kg_GRCh38,"=HYPERLINK(""https://catalog.coriell.org/0/Sections/Search/Sample_Detail.aspx?Ref=HG02768"",""HG02768"")"
HG02769,GB57,F,GWD,AFR,NHGRI,1000 GENOMES PROJECT - GAMBIAN IN WESTERN DIVISION- THE GAMBIA;1000 GENOMES PROJECT - PANEL OF 120 GAMBIAN IN WESTERN DIVISION,NA,1kg_phase3;1kg_GRCh38,"=HYPERLINK(""https://catalog.coriell.org/0/Sections/Search/Sample_Detail.aspx?Ref=HG02769"",""HG02769"")"
HG02771,GB58,M,GWD,AFR,NHGRI,1000 GENOMES PROJECT - GAMBIAN IN WESTERN DIVISION- THE GAMBIA;1000 GENOMES PROJECT - PANEL OF 120 GAMBIAN IN WESTERN DIVISION,NA,1kg_phase3;1kg_GRCh38,"=HYPERLINK(""https://catalog.coriell.org/0/Sections/Search/Sample_Detail.aspx?Ref=HG02771"",""HG02771"")"
HG02772,GB58,F,GWD,AFR,NHGRI,1000 GENOMES PROJECT - GAMBIAN IN WESTERN DIVISION- THE GAMBIA;1000 GENOMES PROJECT - PANEL OF 120 GAMBIAN IN WESTERN DIVISION,NA,1kg_phase3;1kg_GRCh38,"=HYPERLINK(""https://catalog.coriell.org/0/Sections/Search/Sample_Detail.aspx?Ref=HG02772"",""HG02772"")"
HG02851,GB78,M,GWD,AFR,NHGRI,1000 GENOMES PROJECT - GAMBIAN IN WESTERN DIVISION- THE GAMBIA;1000 GENOMES PROJECT - PANEL OF 120 GAMBIAN IN WESTERN DIVISION,NA,1kg_phase3;1kg_GRCh38,"=HYPERLINK(""https://catalog.coriell.org/0/Sections/Search/Sample_Detail.aspx?Ref=HG02851"",""HG02851"")"
HG02852,GB78,F,GWD,AFR,NHGRI,1000 GENOMES PROJECT - GAMBIAN IN WESTERN DIVISION- THE GAMBIA;1000 GENOMES PROJECT - PANEL OF 120 GAMBIAN IN WESTERN DIVISION,NA,1kg_phase3;1kg_GRCh38,"=HYPERLINK(""https://catalog.coriell.org/0/Sections/Search/Sample_Detail.aspx?Ref=HG02852"",""HG02852"")"
HG02982,GB97,M,GWD,AFR,NHGRI,1000 GENOMES PROJECT - GAMBIAN IN WESTERN DIVISION- THE GAMBIA;1000 GENOMES PROJECT - PANEL OF 120 GAMBIAN IN WESTERN DIVISION,NA,1kg_phase3;1kg_GRCh38,"=HYPERLINK(""https://catalog.coriell.org/0/Sections/Search/Sample_Detail.aspx?Ref=HG02982"",""HG02982"")"
HG02983,GB97,F,GWD,AFR,NHGRI,1000 GENOMES PROJECT - GAMBIAN IN WESTERN DIVISION- THE GAMBIA;1000 GENOMES PROJECT - PANEL OF 120 GAMBIAN IN WESTERN DIVISION,NA,1kg_phase3;1kg_GRCh38,"=HYPERLINK(""https://catalog.coriell.org/0/Sections/Search/Sample_Detail.aspx?Ref=HG02983"",""HG02983"")"
HG03039,GB110,M,GWD,AFR,NHGRI,1000 GENOMES PROJECT - GAMBIAN IN WESTERN DIVISION- THE GAMBIA;1000 GENOMES PROJECT - PANEL OF 120 GAMBIAN IN WESTERN DIVISION,NA,1kg_phase3;1kg_GRCh38,"=HYPERLINK(""https://catalog.coriell.org/0/Sections/Search/Sample_Detail.aspx?Ref=HG03039"",""HG03039"")"
HG03040,GB110,F,GWD,AFR,NHGRI,1000 GENOMES PROJECT - GAMBIAN IN WESTERN DIVISION- THE GAMBIA;1000 GENOMES PROJECT - PANEL OF 120 GAMBIAN IN WESTERN DIVISION,NA,1kg_phase3;1kg_GRCh38,"=HYPERLINK(""https://catalog.coriell.org/0/Sections/Search/Sample_Detail.aspx?Ref=HG03040"",""HG03040"")"
HG03246,GB116,M,GWD,AFR,NHGRI,1000 GENOMES PROJECT - GAMBIAN IN WESTERN DIVISION- THE GAMBIA;1000 GENOMES PROJECT - PANEL OF 120 GAMBIAN IN WESTERN DIVISION,NA,1kg_phase3;1kg_GRCh38,"=HYPERLINK(""https://catalog.coriell.org/0/Sections/Search/Sample_Detail.aspx?Ref=HG03246"",""HG03246"")"
HG03247,GB116,F,GWD,AFR,NHGRI,1000 GENOMES PROJECT - GAMBIAN IN WESTERN DIVISION- THE GAMBIA;1000 GENOMES PROJECT - PANEL OF 120 GAMBIAN IN WESTERN DIVISION,NA,1kg_phase3;1kg_GRCh38,"=HYPERLINK(""https://catalog.coriell.org/0/Sections/Search/Sample_Detail.aspx?Ref=HG03247"",""HG03247"")"
HG03063,SL5,M,MSL,AFR,NHGRI,1000 GENOMES PROJECT - MENDE IN SIERRA LEONE;1000 GENOMES PROJECT - PANEL OF 97 MENDE IN SIERRA LEONE,NA,1kg_phase3;1kg_GRCh38,"=HYPERLINK(""https://catalog.coriell.org/0/Sections/Search/Sample_Detail.aspx?Ref=HG03063"",""HG03063"")"
HG03064,SL5,F,MSL,AFR,NHGRI,1000 GENOMES PROJECT - MENDE IN SIERRA LEONE;1000 GENOMES PROJECT - PANEL OF 97 MENDE IN SIERRA LEONE,NA,1kg_phase3;1kg_GRCh38,"=HYPERLINK(""https://catalog.coriell.org/0/Sections/Search/Sample_Detail.aspx?Ref=HG03064"",""HG03064"")"
HG03069,NA,M,MSL,AFR,NHGRI,1000 GENOMES PROJECT - MENDE IN SIERRA LEONE;1000 GENOMES PROJECT - PANEL OF 97 MENDE IN SIERRA LEONE,NA,1kg_phase3;1kg_GRCh38,"=HYPERLINK(""https://catalog.coriell.org/0/Sections/Search/Sample_Detail.aspx?Ref=HG03069"",""HG03069"")"
HG03096,SL16,M,MSL,AFR,NHGRI,1000 GENOMES PROJECT - MENDE IN SIERRA LEONE;1000 GENOMES PROJECT - PANEL OF 97 MENDE IN SIERRA LEONE,NA,1kg_phase3;1kg_GRCh38,"=HYPERLINK(""https://catalog.coriell.org/0/Sections/Search/Sample_Detail.aspx?Ref=HG03096"",""HG03096"")"
HG03097,SL16,F,MSL,AFR,NHGRI,1000 GENOMES PROJECT - MENDE IN SIERRA LEONE;1000 GENOMES PROJECT - PANEL OF 97 MENDE IN SIERRA LEONE,NA,1kg_phase3;1kg_GRCh38,"=HYPERLINK(""https://catalog.coriell.org/0/Sections/Search/Sample_Detail.aspx?Ref=HG03097"",""HG03097"")"
HG03445,NA,M,MSL,AFR,NHGRI,1000 GENOMES PROJECT - MENDE IN SIERRA LEONE;1000 GENOMES PROJECT - PANEL OF 97 MENDE IN SIERRA LEONE,NA,1kg_phase3;1kg_GRCh38,"=HYPERLINK(""https://catalog.coriell.org/0/Sections/Search/Sample_Detail.aspx?Ref=HG03445"",""HG03445"")"
HG03451,SL50,M,MSL,AFR,NHGRI,1000 GENOMES PROJECT - MENDE IN SIERRA LEONE;1000 GENOMES PROJECT - PANEL OF 97 MENDE IN SIERRA LEONE,NA,1kg_phase3;1kg_GRCh38,"=HYPERLINK(""https://catalog.coriell.org/0/Sections/Search/Sample_Detail.aspx?Ref=HG03451"",""HG03451"")"
HG03452,SL50,F,MSL,AFR,NHGRI,1000 GENOMES PROJECT - MENDE IN SIERRA LEONE;1000 GENOMES PROJECT - PANEL OF 97 MENDE IN SIERRA LEONE,NA,1kg_phase3;1kg_GRCh38,"=HYPERLINK(""https://catalog.coriell.org/0/Sections/Search/Sample_Detail.aspx?Ref=HG03452"",""HG03452"")"
HG03484,SL61,M,MSL,AFR,NHGRI,1000 GENOMES PROJECT - MENDE IN SIERRA LEONE;1000 GENOMES PROJECT - PANEL OF 97 MENDE IN SIERRA LEONE,NA,1kg_phase3;1kg_GRCh38,"=HYPERLINK(""https://catalog.coriell.org/0/Sections/Search/Sample_Detail.aspx?Ref=HG03484"",""HG03484"")"
HG03485,SL61,F,MSL,AFR,NHGRI,1000 GENOMES PROJECT - MENDE IN SIERRA LEONE;1000 GENOMES PROJECT - PANEL OF 97 MENDE IN SIERRA LEONE,NA,1kg_phase3;1kg_GRCh38,"=HYPERLINK(""https://catalog.coriell.org/0/Sections/Search/Sample_Detail.aspx?Ref=HG03485"",""HG03485"")"
HG03574,SL71,M,MSL,AFR,NHGRI,1000 GENOMES PROJECT - MENDE IN SIERRA LEONE;1000 GENOMES PROJECT - PANEL OF 97 MENDE IN SIERRA LEONE,NA,1kg_GRCh38,"=HYPERLINK(""https://catalog.coriell.org/0/Sections/Search/Sample_Detail.aspx?Ref=HG03574"",""HG03574"")"
HG03575,SL71,F,MSL,AFR,NHGRI,1000 GENOMES PROJECT - MENDE IN SIERRA LEONE;1000 GENOMES PROJECT - PANEL OF 97 MENDE IN SIERRA LEONE,NA,1kg_phase3;1kg_GRCh38,"=HYPERLINK(""https://catalog.coriell.org/0/Sections/Search/Sample_Detail.aspx?Ref=HG03575"",""HG03575"")"
HG03577,SL72,M,MSL,AFR,NHGRI,1000 GENOMES PROJECT - MENDE IN SIERRA LEONE;1000 GENOMES PROJECT - PANEL OF 97 MENDE IN SIERRA LEONE,NA,1kg_phase3;1kg_GRCh38,"=HYPERLINK(""https://catalog.coriell.org/0/Sections/Search/Sample_Detail.aspx?Ref=HG03577"",""HG03577"")"
HG03578,SL72,F,MSL,AFR,NHGRI,1000 GENOMES PROJECT - MENDE IN SIERRA LEONE;1000 GENOMES PROJECT - PANEL OF 97 MENDE IN SIERRA LEONE,NA,1kg_phase3;1kg_GRCh38,"=HYPERLINK(""https://catalog.coriell.org/0/Sections/Search/Sample_Detail.aspx?Ref=HG03578"",""HG03578"")"
HG03582,SL73,M,MSL,AFR,NHGRI,1000 GENOMES PROJECT - MENDE IN SIERRA LEONE;1000 GENOMES PROJECT - PANEL OF 97 MENDE IN SIERRA LEONE,NA,1kg_phase3;1kg_GRCh38,"=HYPERLINK(""https://catalog.coriell.org/0/Sections/Search/Sample_Detail.aspx?Ref=HG03582"",""HG03582"")"
HG03583,SL73,F,MSL,AFR,NHGRI,1000 GENOMES PROJECT - MENDE IN SIERRA LEONE;1000 GENOMES PROJECT - PANEL OF 97 MENDE IN SIERRA LEONE,NA,1kg_phase3;1kg_GRCh38,"=HYPERLINK(""https://catalog.coriell.org/0/Sections/Search/Sample_Detail.aspx?Ref=HG03583"",""HG03583"")"
HG00844,NA,M,CDX,EAS,NHGRI,1000 GENOMES PROJECT - CHINESE DAI IN XISHUANGBANNA- CHINA;1000 GENOMES PROJECT - PANEL OF 100 CHINESE DAI IN XISHUANGBANNA- CHINA,NA,1kg_phase3;1kg_GRCh38,"=HYPERLINK(""https://catalog.coriell.org/0/Sections/Search/Sample_Detail.aspx?Ref=HG00844"",""HG00844"")"
HG00881,NA,M,CDX,EAS,NHGRI,1000 GENOMES PROJECT - CHINESE DAI IN XISHUANGBANNA- CHINA;1000 GENOMES PROJECT - PANEL OF 100 CHINESE DAI IN XISHUANGBANNA- CHINA,NA,1kg_phase3;1kg_GRCh38,"=HYPERLINK(""https://catalog.coriell.org/0/Sections/Search/Sample_Detail.aspx?Ref=HG00881"",""HG00881"")"
HG00982,NA,M,CDX,EAS,NHGRI,1000 GENOMES PROJECT - CHINESE DAI IN XISHUANGBANNA- CHINA;1000 GENOMES PROJECT - PANEL OF 100 CHINESE DAI IN XISHUANGBANNA- CHINA,NA,1kg_phase3;1kg_GRCh38,"=HYPERLINK(""https://catalog.coriell.org/0/Sections/Search/Sample_Detail.aspx?Ref=HG00982"",""HG00982"")"
HG02356,NA,M,CDX,EAS,NHGRI,1000 GENOMES PROJECT - CHINESE DAI IN XISHUANGBANNA- CHINA;1000 GENOMES PROJECT - PANEL OF 100 CHINESE DAI IN XISHUANGBANNA- CHINA,NA,1kg_phase3;1kg_GRCh38,"=HYPERLINK(""https://catalog.coriell.org/0/Sections/Search/Sample_Detail.aspx?Ref=HG02356"",""HG02356"")"
HG02372,NA,M,CDX,EAS,NHGRI,1000 GENOMES PROJECT - CHINESE DAI IN XISHUANGBANNA- CHINA;1000 GENOMES PROJECT - PANEL OF 100 CHINESE DAI IN XISHUANGBANNA- CHINA,NA,1kg_phase3;1kg_GRCh38,"=HYPERLINK(""https://catalog.coriell.org/0/Sections/Search/Sample_Detail.aspx?Ref=HG02372"",""HG02372"")"
HG02373,NA,M,CDX,EAS,NHGRI,1000 GENOMES PROJECT - CHINESE DAI IN XISHUANGBANNA- CHINA;1000 GENOMES PROJECT - PANEL OF 100 CHINESE DAI IN XISHUANGBANNA- CHINA,NA,1kg_phase3;1kg_GRCh38,"=HYPERLINK(""https://catalog.coriell.org/0/Sections/Search/Sample_Detail.aspx?Ref=HG02373"",""HG02373"")"
HG02374,NA,M,CDX,EAS,NHGRI,1000 GENOMES PROJECT - CHINESE DAI IN XISHUANGBANNA- CHINA;1000 GENOMES PROJECT - PANEL OF 100 CHINESE DAI IN XISHUANGBANNA- CHINA,NA,1kg_phase3;1kg_GRCh38,"=HYPERLINK(""https://catalog.coriell.org/0/Sections/Search/Sample_Detail.aspx?Ref=HG02374"",""HG02374"")"
HG02375,NA,M,CDX,EAS,NHGRI,1000 GENOMES PROJECT - CHINESE DAI IN XISHUANGBANNA- CHINA;1000 GENOMES PROJECT - PANEL OF 100 CHINESE DAI IN XISHUANGBANNA- CHINA,NA,1kg_phase3;1kg_GRCh38,"=HYPERLINK(""https://catalog.coriell.org/0/Sections/Search/Sample_Detail.aspx?Ref=HG02375"",""HG02375"")"
HG02381,NA,M,CDX,EAS,NHGRI,1000 GENOMES PROJECT - CHINESE DAI IN XISHUANGBANNA- CHINA;1000 GENOMES PROJECT - PANEL OF 100 CHINESE DAI IN XISHUANGBANNA- CHINA,NA,1kg_phase3;1kg_GRCh38,"=HYPERLINK(""https://catalog.coriell.org/0/Sections/Search/Sample_Detail.aspx?Ref=HG02381"",""HG02381"")"
HG02383,NA,M,CDX,EAS,NHGRI,1000 GENOMES PROJECT - CHINESE DAI IN XISHUANGBANNA- CHINA;1000 GENOMES PROJECT - PANEL OF 100 CHINESE DAI IN XISHUANGBANNA- CHINA,NA,1kg_phase3;1kg_GRCh38,"=HYPERLINK(""https://catalog.coriell.org/0/Sections/Search/Sample_Detail.aspx?Ref=HG02383"",""HG02383"")"
HG02384,NA,M,CDX,EAS,NHGRI,1000 GENOMES PROJECT - CHINESE DAI IN XISHUANGBANNA- CHINA;1000 GENOMES PROJECT - PANEL OF 100 CHINESE DAI IN XISHUANGBANNA- CHINA,NA,1kg_phase3;1kg_GRCh38,"=HYPERLINK(""https://catalog.coriell.org/0/Sections/Search/Sample_Detail.aspx?Ref=HG02384"",""HG02384"")"
HG02385,NA,M,CDX,EAS,NHGRI,1000 GENOMES PROJECT - CHINESE DAI IN XISHUANGBANNA- CHINA;1000 GENOMES PROJECT - PANEL OF 100 CHINESE DAI IN XISHUANGBANNA- CHINA,NA,1kg_phase3;1kg_GRCh38,"=HYPERLINK(""https://catalog.coriell.org/0/Sections/Search/Sample_Detail.aspx?Ref=HG02385"",""HG02385"")"
HG02386,NA,M,CDX,EAS,NHGRI,1000 GENOMES PROJECT - CHINESE DAI IN XISHUANGBANNA- CHINA;1000 GENOMES PROJECT - PANEL OF 100 CHINESE DAI IN XISHUANGBANNA- CHINA,NA,1kg_phase3;1kg_GRCh38,"=HYPERLINK(""https://catalog.coriell.org/0/Sections/Search/Sample_Detail.aspx?Ref=HG02386"",""HG02386"")"
HG02388,NA,M,CDX,EAS,NHGRI,1000 GENOMES PROJECT - CHINESE DAI IN XISHUANGBANNA- CHINA;1000 GENOMES PROJECT - PANEL OF 100 CHINESE DAI IN XISHUANGBANNA- CHINA,NA,1kg_phase3;1kg_GRCh38,"=HYPERLINK(""https://catalog.coriell.org/0/Sections/Search/Sample_Detail.aspx?Ref=HG02388"",""HG02388"")"
HG02391,NA,M,CDX,EAS,NHGRI,1000 GENOMES PROJECT - CHINESE DAI IN XISHUANGBANNA- CHINA;1000 GENOMES PROJECT - PANEL OF 100 CHINESE DAI IN XISHUANGBANNA- CHINA,NA,1kg_phase3;1kg_GRCh38,"=HYPERLINK(""https://catalog.coriell.org/0/Sections/Search/Sample_Detail.aspx?Ref=HG02391"",""HG02391"")"
HG02409,NA,M,CDX,EAS,NHGRI,1000 GENOMES PROJECT - CHINESE DAI IN XISHUANGBANNA- CHINA;1000 GENOMES PROJECT - PANEL OF 100 CHINESE DAI IN XISHUANGBANNA- CHINA,NA,1kg_phase3;1kg_GRCh38,"=HYPERLINK(""https://catalog.coriell.org/0/Sections/Search/Sample_Detail.aspx?Ref=HG02409"",""HG02409"")"
HG00448,SH016,M,CHS,EAS,NHGRI,1000 GENOMES PROJECT - HAN CHINESE SOUTH- CHINA;1000 GENOMES PROJECT - PANEL OF 100 HAN CHINESE SOUTH- CHINA,NA,1kg_phase3;1kg_GRCh38,"=HYPERLINK(""https://catalog.coriell.org/0/Sections/Search/Sample_Detail.aspx?Ref=HG00448"",""HG00448"")"
HG00449,SH016,F,CHS,EAS,NHGRI,1000 GENOMES PROJECT - HAN CHINESE SOUTH- CHINA;1000 GENOMES PROJECT - PANEL OF 100 HAN CHINESE SOUTH- CHINA,NA,1kg_phase3;1kg_GRCh38,"=HYPERLINK(""https://catalog.coriell.org/0/Sections/Search/Sample_Detail.aspx?Ref=HG00449"",""HG00449"")"
HG00583,SH054,M,CHS,EAS,NHGRI,1000 GENOMES PROJECT - HAN CHINESE SOUTH- CHINA;1000 GENOMES PROJECT - PANEL OF 100 HAN CHINESE SOUTH- CHINA,NA,1kg_phase3;1kg_GRCh38,"=HYPERLINK(""https://catalog.coriell.org/0/Sections/Search/Sample_Detail.aspx?Ref=HG00583"",""HG00583"")"
HG00584,SH054,F,CHS,EAS,NHGRI,1000 GENOMES PROJECT - HAN CHINESE SOUTH- CHINA;1000 GENOMES PROJECT - PANEL OF 100 HAN CHINESE SOUTH- CHINA,NA,1kg_phase3;1kg_GRCh38,"=HYPERLINK(""https://catalog.coriell.org/0/Sections/Search/Sample_Detail.aspx?Ref=HG00584"",""HG00584"")"
HG00595,SH058,M,CHS,EAS,NHGRI,1000 GENOMES PROJECT - HAN CHINESE SOUTH- CHINA;1000 GENOMES PROJECT - PANEL OF 100 HAN CHINESE SOUTH- CHINA,NA,1kg_phase3;1kg_GRCh38,"=HYPERLINK(""https://catalog.coriell.org/0/Sections/Search/Sample_Detail.aspx?Ref=HG00595"",""HG00595"")"
HG00596,SH058,F,CHS,EAS,NHGRI,1000 GENOMES PROJECT - HAN CHINESE SOUTH- CHINA;1000 GENOMES PROJECT - PANEL OF 100 HAN CHINESE SOUTH- CHINA,NA,1kg_phase3;1kg_GRCh38,"=HYPERLINK(""https://catalog.coriell.org/0/Sections/Search/Sample_Detail.aspx?Ref=HG00596"",""HG00596"")"
HG00610,SH063,M,CHS,EAS,NHGRI,1000 GENOMES PROJECT - HAN CHINESE SOUTH- CHINA;1000 GENOMES PROJECT - PANEL OF 100 HAN CHINESE SOUTH- CHINA,NA,1kg_phase3;1kg_GRCh38,"=HYPERLINK(""https://catalog.coriell.org/0/Sections/Search/Sample_Detail.aspx?Ref=HG00610"",""HG00610"")"
HG00611,SH063,F,CHS,EAS,NHGRI,1000 GENOMES PROJECT - HAN CHINESE SOUTH- CHINA;1000 GENOMES PROJECT - PANEL OF 100 HAN CHINESE SOUTH- CHINA,NA,1kg_phase3;1kg_GRCh38,"=HYPERLINK(""https://catalog.coriell.org/0/Sections/Search/Sample_Detail.aspx?Ref=HG00611"",""HG00611"")"
HG00613,SH064,M,CHS,EAS,NHGRI,1000 GENOMES PROJECT - HAN CHINESE SOUTH- CHINA;1000 GENOMES PROJECT - PANEL OF 100 HAN CHINESE SOUTH- CHINA,NA,1kg_phase3;1kg_GRCh38,"=HYPERLINK(""https://catalog.coriell.org/0/Sections/Search/Sample_Detail.aspx?Ref=HG00613"",""HG00613"")"
HG00614,SH064,F,CHS,EAS,NHGRI,1000 GENOMES PROJECT - HAN CHINESE SOUTH- CHINA;1000 GENOMES PROJECT - PANEL OF 100 HAN CHINESE SOUTH- CHINA,NA,1kg_phase3;1kg_GRCh38,"=HYPERLINK(""https://catalog.coriell.org/0/Sections/Search/Sample_Detail.aspx?Ref=HG00614"",""HG00614"")"
HG00650,SH072,M,CHS,EAS,NHGRI,1000 GENOMES PROJECT - HAN CHINESE SOUTH- CHINA;1000 GENOMES PROJECT - PANEL OF 100 HAN CHINESE SOUTH- CHINA,NA,1kg_phase3;1kg_GRCh38,"=HYPERLINK(""https://catalog.coriell.org/0/Sections/Search/Sample_Detail.aspx?Ref=HG00650"",""HG00650"")"
HG00651,SH072,F,CHS,EAS,NHGRI,1000 GENOMES PROJECT - HAN CHINESE SOUTH- CHINA;1000 GENOMES PROJECT - PANEL OF 100 HAN CHINESE SOUTH- CHINA,NA,1kg_phase3;1kg_GRCh38,"=HYPERLINK(""https://catalog.coriell.org/0/Sections/Search/Sample_Detail.aspx?Ref=HG00651"",""HG00651"")"
HG00656,SH074,M,CHS,EAS,NHGRI,1000 GENOMES PROJECT - HAN CHINESE SOUTH- CHINA;1000 GENOMES PROJECT - PANEL OF 100 HAN CHINESE SOUTH- CHINA,NA,1kg_phase3;1kg_GRCh38,"=HYPERLINK(""https://catalog.coriell.org/0/Sections/Search/Sample_Detail.aspx?Ref=HG00656"",""HG00656"")"
HG00657,SH074,F,CHS,EAS,NHGRI,1000 GENOMES PROJECT - HAN CHINESE SOUTH- CHINA;1000 GENOMES PROJECT - PANEL OF 100 HAN CHINESE SOUTH- CHINA,NA,1kg_phase3;1kg_GRCh38,"=HYPERLINK(""https://catalog.coriell.org/0/Sections/Search/Sample_Detail.aspx?Ref=HG00657"",""HG00657"")"
HG00662,SH076,M,CHS,EAS,NHGRI,1000 GENOMES PROJECT - HAN CHINESE SOUTH- CHINA;1000 GENOMES PROJECT - PANEL OF 100 HAN CHINESE SOUTH- CHINA,NA,1kg_phase3;1kg_GRCh38,"=HYPERLINK(""https://catalog.coriell.org/0/Sections/Search/Sample_Detail.aspx?Ref=HG00662"",""HG00662"")"
HG00663,SH076,F,CHS,EAS,NHGRI,1000 GENOMES PROJECT - HAN CHINESE SOUTH- CHINA;1000 GENOMES PROJECT - PANEL OF 100 HAN CHINESE SOUTH- CHINA,NA,1kg_phase3;1kg_GRCh38,"=HYPERLINK(""https://catalog.coriell.org/0/Sections/Search/Sample_Detail.aspx?Ref=HG00663"",""HG00663"")"
HG00683,SH083,M,CHS,EAS,NHGRI,1000 GENOMES PROJECT - HAN CHINESE SOUTH- CHINA;1000 GENOMES PROJECT - PANEL OF 100 HAN CHINESE SOUTH- CHINA,NA,1kg_phase3;1kg_GRCh38,"=HYPERLINK(""https://catalog.coriell.org/0/Sections/Search/Sample_Detail.aspx?Ref=HG00683"",""HG00683"")"
HG00684,SH083,F,CHS,EAS,NHGRI,1000 GENOMES PROJECT - HAN CHINESE SOUTH- CHINA;1000 GENOMES PROJECT - PANEL OF 100 HAN CHINESE SOUTH- CHINA,NA,1kg_phase3;1kg_GRCh38,"=HYPERLINK(""https://catalog.coriell.org/0/Sections/Search/Sample_Detail.aspx?Ref=HG00684"",""HG00684"")"
HG02016,VN46,F,KHV,EAS,NHGRI,1000 GENOMES PROJECT - KINH IN HO CHI MINH CITY- VIETNAM;1000 GENOMES PROJECT - PANEL OF 100 KINH IN HO CHI MINH CITY- VIETNAM,NA,1kg_phase3;1kg_GRCh38,"=HYPERLINK(""https://catalog.coriell.org/0/Sections/Search/Sample_Detail.aspx?Ref=HG02016"",""HG02016"")"
HG02017,VN46,M,KHV,EAS,NHGRI,1000 GENOMES PROJECT - KINH IN HO CHI MINH CITY- VIETNAM;1000 GENOMES PROJECT - PANEL OF 100 KINH IN HO CHI MINH CITY- VIETNAM,NA,1kg_phase3;1kg_GRCh38,"=HYPERLINK(""https://catalog.coriell.org/0/Sections/Search/Sample_Detail.aspx?Ref=HG02017"",""HG02017"")"
HG02069,VN64,F,KHV,EAS,NHGRI,1000 GENOMES PROJECT - KINH IN HO CHI MINH CITY- VIETNAM;1000 GENOMES PROJECT - PANEL OF 100 KINH IN HO CHI MINH CITY- VIETNAM,NA,1kg_phase3;1kg_GRCh38,"=HYPERLINK(""https://catalog.coriell.org/0/Sections/Search/Sample_Detail.aspx?Ref=HG02069"",""HG02069"")"
HG02070,VN64,M,KHV,EAS,NHGRI,1000 GENOMES PROJECT - KINH IN HO CHI MINH CITY- VIETNAM;1000 GENOMES PROJECT - PANEL OF 100 KINH IN HO CHI MINH CITY- VIETNAM,NA,1kg_phase3;1kg_GRCh38,"=HYPERLINK(""https://catalog.coriell.org/0/Sections/Search/Sample_Detail.aspx?Ref=HG02070"",""HG02070"")"
HG02072,VN65,F,KHV,EAS,NHGRI,1000 GENOMES PROJECT - KINH IN HO CHI MINH CITY- VIETNAM;1000 GENOMES PROJECT - PANEL OF 100 KINH IN HO CHI MINH CITY- VIETNAM,NA,1kg_phase3;1kg_GRCh38,"=HYPERLINK(""https://catalog.coriell.org/0/Sections/Search/Sample_Detail.aspx?Ref=HG02072"",""HG02072"")"
HG02073,VN65,M,KHV,EAS,NHGRI,1000 GENOMES PROJECT - KINH IN HO CHI MINH CITY- VIETNAM;1000 GENOMES PROJECT - PANEL OF 100 KINH IN HO CHI MINH CITY- VIETNAM,NA,1kg_phase3;1kg_GRCh38,"=HYPERLINK(""https://catalog.coriell.org/0/Sections/Search/Sample_Detail.aspx?Ref=HG02073"",""HG02073"")"
HG02075,VN66,F,KHV,EAS,NHGRI,1000 GENOMES PROJECT - KINH IN HO CHI MINH CITY- VIETNAM;1000 GENOMES PROJECT - PANEL OF 100 KINH IN HO CHI MINH CITY- VIETNAM,NA,1kg_phase3;1kg_GRCh38,"=HYPERLINK(""https://catalog.coriell.org/0/Sections/Search/Sample_Detail.aspx?Ref=HG02075"",""HG02075"")"
HG02076,VN66,M,KHV,EAS,NHGRI,1000 GENOMES PROJECT - KINH IN HO CHI MINH CITY- VIETNAM;1000 GENOMES PROJECT - PANEL OF 100 KINH IN HO CHI MINH CITY- VIETNAM,NA,1kg_phase3;1kg_GRCh38,"=HYPERLINK(""https://catalog.coriell.org/0/Sections/Search/Sample_Detail.aspx?Ref=HG02076"",""HG02076"")"
HG02130,VN79,F,KHV,EAS,NHGRI,1000 GENOMES PROJECT - KINH IN HO CHI MINH CITY- VIETNAM;1000 GENOMES PROJECT - PANEL OF 100 KINH IN HO CHI MINH CITY- VIETNAM,NA,1kg_phase3;1kg_GRCh38,"=HYPERLINK(""https://catalog.coriell.org/0/Sections/Search/Sample_Detail.aspx?Ref=HG02130"",""HG02130"")"
HG02131,VN79,M,KHV,EAS,NHGRI,1000 GENOMES PROJECT - KINH IN HO CHI MINH CITY- VIETNAM;1000 GENOMES PROJECT - PANEL OF 100 KINH IN HO CHI MINH CITY- VIETNAM,NA,1kg_phase3;1kg_GRCh38,"=HYPERLINK(""https://catalog.coriell.org/0/Sections/Search/Sample_Detail.aspx?Ref=HG02131"",""HG02131"")"
HG02512,VN87,M,KHV,EAS,NHGRI,1000 GENOMES PROJECT - KINH IN HO CHI MINH CITY- VIETNAM;1000 GENOMES PROJECT - PANEL OF 100 KINH IN HO CHI MINH CITY- VIETNAM,NA,1kg_phase3;1kg_GRCh38,"=HYPERLINK(""https://catalog.coriell.org/0/Sections/Search/Sample_Detail.aspx?Ref=HG02512"",""HG02512"")"
HG02513,VN87,F,KHV,EAS,NHGRI,1000 GENOMES PROJECT - KINH IN HO CHI MINH CITY- VIETNAM;1000 GENOMES PROJECT - PANEL OF 100 KINH IN HO CHI MINH CITY- VIETNAM,NA,1kg_phase3;1kg_GRCh38,"=HYPERLINK(""https://catalog.coriell.org/0/Sections/Search/Sample_Detail.aspx?Ref=HG02513"",""HG02513"")"
HG02521,VN90,M,KHV,EAS,NHGRI,1000 GENOMES PROJECT - KINH IN HO CHI MINH CITY- VIETNAM;1000 GENOMES PROJECT - PANEL OF 100 KINH IN HO CHI MINH CITY- VIETNAM,NA,1kg_phase3;1kg_GRCh38,"=HYPERLINK(""https://catalog.coriell.org/0/Sections/Search/Sample_Detail.aspx?Ref=HG02521"",""HG02521"")"
HG02522,VN90,F,KHV,EAS,NHGRI,1000 GENOMES PROJECT - KINH IN HO CHI MINH CITY- VIETNAM;1000 GENOMES PROJECT - PANEL OF 100 KINH IN HO CHI MINH CITY- VIETNAM,NA,1kg_phase3;1kg_GRCh38,"=HYPERLINK(""https://catalog.coriell.org/0/Sections/Search/Sample_Detail.aspx?Ref=HG02522"",""HG02522"")"
HG02524,VN91,M,KHV,EAS,NHGRI,1000 GENOMES PROJECT - KINH IN HO CHI MINH CITY- VIETNAM,NA,1kg_GRCh38,"=HYPERLINK(""https://catalog.coriell.org/0/Sections/Search/Sample_Detail.aspx?Ref=HG02524"",""HG02524"")"
HG02525,VN91,F,KHV,EAS,NHGRI,1000 GENOMES PROJECT - KINH IN HO CHI MINH CITY- VIETNAM,NA,1kg_GRCh38,"=HYPERLINK(""https://catalog.coriell.org/0/Sections/Search/Sample_Detail.aspx?Ref=HG02525"",""HG02525"")"
HG00181,NA,M,FIN,EUR,NHGRI,1000 GENOMES PROJECT - FINNISH IN FINLAND;1000 GENOMES PROJECT - PANEL OF 100 FINNISH IN FINLAND,NA,1kg_phase3;1kg_GRCh38,"=HYPERLINK(""https://catalog.coriell.org/0/Sections/Search/Sample_Detail.aspx?Ref=HG00181"",""HG00181"")"
HG00185,NA,M,FIN,EUR,NHGRI,1000 GENOMES PROJECT - FINNISH IN FINLAND;1000 GENOMES PROJECT - PANEL OF 100 FINNISH IN FINLAND,NA,1kg_phase3;1kg_GRCh38,"=HYPERLINK(""https://catalog.coriell.org/0/Sections/Search/Sample_Detail.aspx?Ref=HG00185"",""HG00185"")"
HG00190,NA,M,FIN,EUR,NHGRI,1000 GENOMES PROJECT - FINNISH IN FINLAND;1000 GENOMES PROJECT - PANEL OF 100 FINNISH IN FINLAND,NA,1kg_phase3;1kg_GRCh38,"=HYPERLINK(""https://catalog.coriell.org/0/Sections/Search/Sample_Detail.aspx?Ref=HG00190"",""HG00190"")"
HG00267,NA,M,FIN,EUR,NHGRI,1000 GENOMES PROJECT - FINNISH IN FINLAND;1000 GENOMES PROJECT - PANEL OF 100 FINNISH IN FINLAND,NA,1kg_phase3;1kg_GRCh38,"=HYPERLINK(""https://catalog.coriell.org/0/Sections/Search/Sample_Detail.aspx?Ref=HG00267"",""HG00267"")"
HG00273,NA,M,FIN,EUR,NHGRI,1000 GENOMES PROJECT - FINNISH IN FINLAND;1000 GENOMES PROJECT - PANEL OF 100 FINNISH IN FINLAND,NA,1kg_phase3;1kg_GRCh38,"=HYPERLINK(""https://catalog.coriell.org/0/Sections/Search/Sample_Detail.aspx?Ref=HG00273"",""HG00273"")"
HG00277,NA,M,FIN,EUR,NHGRI,1000 GENOMES PROJECT - FINNISH IN FINLAND;1000 GENOMES PROJECT - PANEL OF 100 FINNISH IN FINLAND,NA,1kg_phase3;1kg_GRCh38,"=HYPERLINK(""https://catalog.coriell.org/0/Sections/Search/Sample_Detail.aspx?Ref=HG00277"",""HG00277"")"
HG00280,NA,M,FIN,EUR,NHGRI,1000 GENOMES PROJECT - FINNISH IN FINLAND;1000 GENOMES PROJECT - PANEL OF 100 FINNISH IN FINLAND,NA,1kg_phase3;1kg_GRCh38,"=HYPERLINK(""https://catalog.coriell.org/0/Sections/Search/Sample_Detail.aspx?Ref=HG00280"",""HG00280"")"
HG00284,NA,M,FIN,EUR,NHGRI,1000 GENOMES PROJECT - FINNISH IN FINLAND;1000 GENOMES PROJECT - PANEL OF 100 FINNISH IN FINLAND,NA,1kg_phase3;1kg_GRCh38,"=HYPERLINK(""https://catalog.coriell.org/0/Sections/Search/Sample_Detail.aspx?Ref=HG00284"",""HG00284"")"
HG00351,NA,M,FIN,EUR,NHGRI,1000 GENOMES PROJECT - FINNISH IN FINLAND;1000 GENOMES PROJECT - PANEL OF 100 FINNISH IN FINLAND,NA,1kg_phase3;1kg_GRCh38,"=HYPERLINK(""https://catalog.coriell.org/0/Sections/Search/Sample_Detail.aspx?Ref=HG00351"",""HG00351"")"
HG00358,NA,M,FIN,EUR,NHGRI,1000 GENOMES PROJECT - FINNISH IN FINLAND;1000 GENOMES PROJECT - PANEL OF 100 FINNISH IN FINLAND,NA,1kg_phase3;1kg_GRCh38,"=HYPERLINK(""https://catalog.coriell.org/0/Sections/Search/Sample_Detail.aspx?Ref=HG00358"",""HG00358"")"
HG00366,NA,M,FIN,EUR,NHGRI,1000 GENOMES PROJECT - FINNISH IN FINLAND;1000 GENOMES PROJECT - PANEL OF 100 FINNISH IN FINLAND,NA,1kg_phase3;1kg_GRCh38,"=HYPERLINK(""https://catalog.coriell.org/0/Sections/Search/Sample_Detail.aspx?Ref=HG00366"",""HG00366"")"
HG00369,NA,M,FIN,EUR,NHGRI,1000 GENOMES PROJECT - FINNISH IN FINLAND;1000 GENOMES PROJECT - PANEL OF 100 FINNISH IN FINLAND,NA,1kg_phase3;1kg_GRCh38,"=HYPERLINK(""https://catalog.coriell.org/0/Sections/Search/Sample_Detail.aspx?Ref=HG00369"",""HG00369"")"
HG00371,NA,M,FIN,EUR,NHGRI,1000 GENOMES PROJECT - FINNISH IN FINLAND;1000 GENOMES PROJECT - PANEL OF 100 FINNISH IN FINLAND,NA,1kg_phase3;1kg_GRCh38,"=HYPERLINK(""https://catalog.coriell.org/0/Sections/Search/Sample_Detail.aspx?Ref=HG00371"",""HG00371"")"
HG00372,NA,M,FIN,EUR,NHGRI,1000 GENOMES PROJECT - FINNISH IN FINLAND;1000 GENOMES PROJECT - PANEL OF 100 FINNISH IN FINLAND,NA,1kg_phase3;1kg_GRCh38,"=HYPERLINK(""https://catalog.coriell.org/0/Sections/Search/Sample_Detail.aspx?Ref=HG00372"",""HG00372"")"
HG00096,NA,M,GBR,EUR,NHGRI,1000 GENOMES PROJECT - BRITISH FROM ENGLAND AND SCOTLAND- UK;1000 GENOMES PROJECT - PANEL OF 100 BRITISH FROM ENGLAND AND SCOTLAND- UK,NA,1kg_phase3;1kg_GRCh38,"=HYPERLINK(""https://catalog.coriell.org/0/Sections/Search/Sample_Detail.aspx?Ref=HG00096"",""HG00096"")"
HG00098,NA,M,GBR,EUR,NHGRI,1000 GENOMES PROJECT - BRITISH FROM ENGLAND AND SCOTLAND- UK;1000 GENOMES PROJECT - PANEL OF 100 BRITISH FROM ENGLAND AND SCOTLAND- UK,NA,1kg_phase3;1kg_GRCh38,"=HYPERLINK(""https://catalog.coriell.org/0/Sections/Search/Sample_Detail.aspx?Ref=HG00098"",""HG00098"")"
HG00101,NA,M,GBR,EUR,NHGRI,1000 GENOMES PROJECT - BRITISH FROM ENGLAND AND SCOTLAND- UK;1000 GENOMES PROJECT - PANEL OF 100 BRITISH FROM ENGLAND AND SCOTLAND- UK,NA,1kg_phase3;1kg_GRCh38,"=HYPERLINK(""https://catalog.coriell.org/0/Sections/Search/Sample_Detail.aspx?Ref=HG00101"",""HG00101"")"
HG00103,NA,M,GBR,EUR,NHGRI,1000 GENOMES PROJECT - BRITISH FROM ENGLAND AND SCOTLAND- UK;1000 GENOMES PROJECT - PANEL OF 100 BRITISH FROM ENGLAND AND SCOTLAND- UK,NA,1kg_phase3;1kg_GRCh38,"=HYPERLINK(""https://catalog.coriell.org/0/Sections/Search/Sample_Detail.aspx?Ref=HG00103"",""HG00103"")"
HG00107,NA,M,GBR,EUR,NHGRI,1000 GENOMES PROJECT - BRITISH FROM ENGLAND AND SCOTLAND- UK;1000 GENOMES PROJECT - PANEL OF 100 BRITISH FROM ENGLAND AND SCOTLAND- UK,NA,1kg_phase3;1kg_GRCh38,"=HYPERLINK(""https://catalog.coriell.org/0/Sections/Search/Sample_Detail.aspx?Ref=HG00107"",""HG00107"")"
HG00108,NA,M,GBR,EUR,NHGRI,1000 GENOMES PROJECT - BRITISH FROM ENGLAND AND SCOTLAND- UK;1000 GENOMES PROJECT - PANEL OF 100 BRITISH FROM ENGLAND AND SCOTLAND- UK,NA,1kg_phase3;1kg_GRCh38,"=HYPERLINK(""https://catalog.coriell.org/0/Sections/Search/Sample_Detail.aspx?Ref=HG00108"",""HG00108"")"
HG00109,NA,M,GBR,EUR,NHGRI,1000 GENOMES PROJECT - BRITISH FROM ENGLAND AND SCOTLAND- UK;1000 GENOMES PROJECT - PANEL OF 100 BRITISH FROM ENGLAND AND SCOTLAND- UK,NA,1kg_phase3;1kg_GRCh38,"=HYPERLINK(""https://catalog.coriell.org/0/Sections/Search/Sample_Detail.aspx?Ref=HG00109"",""HG00109"")"
HG00115,NA,M,GBR,EUR,NHGRI,1000 GENOMES PROJECT - BRITISH FROM ENGLAND AND SCOTLAND- UK;1000 GENOMES PROJECT - PANEL OF 100 BRITISH FROM ENGLAND AND SCOTLAND- UK,NA,1kg_phase3;1kg_GRCh38,"=HYPERLINK(""https://catalog.coriell.org/0/Sections/Search/Sample_Detail.aspx?Ref=HG00115"",""HG00115"")"
HG00116,NA,M,GBR,EUR,NHGRI,1000 GENOMES PROJECT - BRITISH FROM ENGLAND AND SCOTLAND- UK;1000 GENOMES PROJECT - PANEL OF 100 BRITISH FROM ENGLAND AND SCOTLAND- UK,NA,1kg_phase3;1kg_GRCh38,"=HYPERLINK(""https://catalog.coriell.org/0/Sections/Search/Sample_Detail.aspx?Ref=HG00116"",""HG00116"")"
HG00117,NA,M,GBR,EUR,NHGRI,1000 GENOMES PROJECT - BRITISH FROM ENGLAND AND SCOTLAND- UK;1000 GENOMES PROJECT - PANEL OF 100 BRITISH FROM ENGLAND AND SCOTLAND- UK,NA,1kg_phase3;1kg_GRCh38,"=HYPERLINK(""https://catalog.coriell.org/0/Sections/Search/Sample_Detail.aspx?Ref=HG00117"",""HG00117"")"
HG00119,NA,M,GBR,EUR,NHGRI,1000 GENOMES PROJECT - BRITISH FROM ENGLAND AND SCOTLAND- UK;1000 GENOMES PROJECT - PANEL OF 100 BRITISH FROM ENGLAND AND SCOTLAND- UK,NA,1kg_phase3;1kg_GRCh38,"=HYPERLINK(""https://catalog.coriell.org/0/Sections/Search/Sample_Detail.aspx?Ref=HG00119"",""HG00119"")"
HG00131,NA,M,GBR,EUR,NHGRI,1000 GENOMES PROJECT - BRITISH FROM ENGLAND AND SCOTLAND- UK;1000 GENOMES PROJECT - PANEL OF 100 BRITISH FROM ENGLAND AND SCOTLAND- UK,NA,1kg_phase3;1kg_GRCh38,"=HYPERLINK(""https://catalog.coriell.org/0/Sections/Search/Sample_Detail.aspx?Ref=HG00131"",""HG00131"")"
HG00136,NA,M,GBR,EUR,NHGRI,1000 GENOMES PROJECT - BRITISH FROM ENGLAND AND SCOTLAND- UK;1000 GENOMES PROJECT - PANEL OF 100 BRITISH FROM ENGLAND AND SCOTLAND- UK,NA,1kg_phase3;1kg_GRCh38,"=HYPERLINK(""https://catalog.coriell.org/0/Sections/Search/Sample_Detail.aspx?Ref=HG00136"",""HG00136"")"
HG00139,NA,M,GBR,EUR,NHGRI,1000 GENOMES PROJECT - BRITISH FROM ENGLAND AND SCOTLAND- UK;1000 GENOMES PROJECT - PANEL OF 100 BRITISH FROM ENGLAND AND SCOTLAND- UK,NA,1kg_phase3;1kg_GRCh38,"=HYPERLINK(""https://catalog.coriell.org/0/Sections/Search/Sample_Detail.aspx?Ref=HG00139"",""HG00139"")"
HG00256,NA,M,GBR,EUR,NHGRI,1000 GENOMES PROJECT - BRITISH FROM ENGLAND AND SCOTLAND- UK;1000 GENOMES PROJECT - PANEL OF 100 BRITISH FROM ENGLAND AND SCOTLAND- UK,NA,1kg_phase3;1kg_GRCh38,"=HYPERLINK(""https://catalog.coriell.org/0/Sections/Search/Sample_Detail.aspx?Ref=HG00256"",""HG00256"")"
HG00264,NA,M,GBR,EUR,NHGRI,1000 GENOMES PROJECT - BRITISH FROM ENGLAND AND SCOTLAND- UK;1000 GENOMES PROJECT - PANEL OF 100 BRITISH FROM ENGLAND AND SCOTLAND- UK,NA,1kg_phase3;1kg_GRCh38,"=HYPERLINK(""https://catalog.coriell.org/0/Sections/Search/Sample_Detail.aspx?Ref=HG00264"",""HG00264"")"
HG01619,IBS018,M,IBS,EUR,NHGRI,1000 GENOMES PROJECT - IBERIAN POPULATIONS IN SPAIN;1000 GENOMES PROJECT - PANEL OF 100 IBERIAN POPULATIONS IN SPAIN,NA,1kg_phase3;1kg_GRCh38,"=HYPERLINK(""https://catalog.coriell.org/0/Sections/Search/Sample_Detail.aspx?Ref=HG01619"",""HG01619"")"
HG01620,IBS018,F,IBS,EUR,NHGRI,1000 GENOMES PROJECT - IBERIAN POPULATIONS IN SPAIN;1000 GENOMES PROJECT - PANEL OF 100 IBERIAN POPULATIONS IN SPAIN,NA,1kg_phase3;1kg_GRCh38,"=HYPERLINK(""https://catalog.coriell.org/0/Sections/Search/Sample_Detail.aspx?Ref=HG01620"",""HG01620"")"
HG01623,IBS017,F,IBS,EUR,NHGRI,1000 GENOMES PROJECT - IBERIAN POPULATIONS IN SPAIN;1000 GENOMES PROJECT - PANEL OF 100 IBERIAN POPULATIONS IN SPAIN,NA,1kg_phase3;1kg_GRCh38,"=HYPERLINK(""https://catalog.coriell.org/0/Sections/Search/Sample_Detail.aspx?Ref=HG01623"",""HG01623"")"
HG01624,IBS017,M,IBS,EUR,NHGRI,1000 GENOMES PROJECT - IBERIAN POPULATIONS IN SPAIN;1000 GENOMES PROJECT - PANEL OF 100 IBERIAN POPULATIONS IN SPAIN,NA,1kg_phase3;1kg_GRCh38,"=HYPERLINK(""https://catalog.coriell.org/0/Sections/Search/Sample_Detail.aspx?Ref=HG01624"",""HG01624"")"
HG01625,IBS016,M,IBS,EUR,NHGRI,1000 GENOMES PROJECT - IBERIAN POPULATIONS IN SPAIN;1000 GENOMES PROJECT - PANEL OF 100 IBERIAN POPULATIONS IN SPAIN,NA,1kg_phase3;1kg_GRCh38,"=HYPERLINK(""https://catalog.coriell.org/0/Sections/Search/Sample_Detail.aspx?Ref=HG01625"",""HG01625"")"
HG01626,IBS016,F,IBS,EUR,NHGRI,1000 GENOMES PROJECT - IBERIAN POPULATIONS IN SPAIN;1000 GENOMES PROJECT - PANEL OF 100 IBERIAN POPULATIONS IN SPAIN,NA,1kg_phase3;1kg_GRCh38,"=HYPERLINK(""https://catalog.coriell.org/0/Sections/Search/Sample_Detail.aspx?Ref=HG01626"",""HG01626"")"
HG01628,IBS015,F,IBS,EUR,NHGRI,1000 GENOMES PROJECT - IBERIAN POPULATIONS IN SPAIN;1000 GENOMES PROJECT - PANEL OF 100 IBERIAN POPULATIONS IN SPAIN,NA,1kg_phase3;1kg_GRCh38,"=HYPERLINK(""https://catalog.coriell.org/0/Sections/Search/Sample_Detail.aspx?Ref=HG01628"",""HG01628"")"
HG01630,IBS015,M,IBS,EUR,NHGRI,1000 GENOMES PROJECT - IBERIAN POPULATIONS IN SPAIN;1000 GENOMES PROJECT - PANEL OF 100 IBERIAN POPULATIONS IN SPAIN,NA,1kg_phase3;1kg_GRCh38,"=HYPERLINK(""https://catalog.coriell.org/0/Sections/Search/Sample_Detail.aspx?Ref=HG01630"",""HG01630"")"
HG01682,IBS030,M,IBS,EUR,NHGRI,1000 GENOMES PROJECT - IBERIAN POPULATIONS IN SPAIN;1000 GENOMES PROJECT - PANEL OF 100 IBERIAN POPULATIONS IN SPAIN,NA,1kg_phase3;1kg_GRCh38,"=HYPERLINK(""https://catalog.coriell.org/0/Sections/Search/Sample_Detail.aspx?Ref=HG01682"",""HG01682"")"
HG01684,IBS030,F,IBS,EUR,NHGRI,1000 GENOMES PROJECT - IBERIAN POPULATIONS IN SPAIN;1000 GENOMES PROJECT - PANEL OF 100 IBERIAN POPULATIONS IN SPAIN,NA,1kg_phase3;1kg_GRCh38,"=HYPERLINK(""https://catalog.coriell.org/0/Sections/Search/Sample_Detail.aspx?Ref=HG01684"",""HG01684"")"
HG01685,IBS031,F,IBS,EUR,NHGRI,1000 GENOMES PROJECT - IBERIAN POPULATIONS IN SPAIN;1000 GENOMES PROJECT - PANEL OF 100 IBERIAN POPULATIONS IN SPAIN,NA,1kg_phase3;1kg_GRCh38,"=HYPERLINK(""https://catalog.coriell.org/0/Sections/Search/Sample_Detail.aspx?Ref=HG01685"",""HG01685"")"
HG01686,IBS031,M,IBS,EUR,NHGRI,1000 GENOMES PROJECT - IBERIAN POPULATIONS IN SPAIN;1000 GENOMES PROJECT - PANEL OF 100 IBERIAN POPULATIONS IN SPAIN,NA,1kg_phase3;1kg_GRCh38,"=HYPERLINK(""https://catalog.coriell.org/0/Sections/Search/Sample_Detail.aspx?Ref=HG01686"",""HG01686"")"
HG01707,IBS038,F,IBS,EUR,NHGRI,1000 GENOMES PROJECT - IBERIAN POPULATIONS IN SPAIN;1000 GENOMES PROJECT - PANEL OF 100 IBERIAN POPULATIONS IN SPAIN,NA,1kg_phase3;1kg_GRCh38,"=HYPERLINK(""https://catalog.coriell.org/0/Sections/Search/Sample_Detail.aspx?Ref=HG01707"",""HG01707"")"
HG01708,IBS038,M,IBS,EUR,NHGRI,1000 GENOMES PROJECT - IBERIAN POPULATIONS IN SPAIN;1000 GENOMES PROJECT - PANEL OF 100 IBERIAN POPULATIONS IN SPAIN,NA,1kg_phase3;1kg_GRCh38,"=HYPERLINK(""https://catalog.coriell.org/0/Sections/Search/Sample_Detail.aspx?Ref=HG01708"",""HG01708"")"
HG01756,IBS044,M,IBS,EUR,NHGRI,1000 GENOMES PROJECT - IBERIAN POPULATIONS IN SPAIN;1000 GENOMES PROJECT - PANEL OF 100 IBERIAN POPULATIONS IN SPAIN,NA,1kg_phase3;1kg_GRCh38,"=HYPERLINK(""https://catalog.coriell.org/0/Sections/Search/Sample_Detail.aspx?Ref=HG01756"",""HG01756"")"
HG01757,IBS044,F,IBS,EUR,NHGRI,1000 GENOMES PROJECT - IBERIAN POPULATIONS IN SPAIN;1000 GENOMES PROJECT - PANEL OF 100 IBERIAN POPULATIONS IN SPAIN,NA,1kg_phase3;1kg_GRCh38,"=HYPERLINK(""https://catalog.coriell.org/0/Sections/Search/Sample_Detail.aspx?Ref=HG01757"",""HG01757"")"
HG01761,IBS046,M,IBS,EUR,NHGRI,1000 GENOMES PROJECT - IBERIAN POPULATIONS IN SPAIN;1000 GENOMES PROJECT - PANEL OF 100 IBERIAN POPULATIONS IN SPAIN,NA,1kg_phase3;1kg_GRCh38,"=HYPERLINK(""https://catalog.coriell.org/0/Sections/Search/Sample_Detail.aspx?Ref=HG01761"",""HG01761"")"
HG01762,IBS046,F,IBS,EUR,NHGRI,1000 GENOMES PROJECT - IBERIAN POPULATIONS IN SPAIN;1000 GENOMES PROJECT - PANEL OF 100 IBERIAN POPULATIONS IN SPAIN,NA,1kg_phase3;1kg_GRCh38,"=HYPERLINK(""https://catalog.coriell.org/0/Sections/Search/Sample_Detail.aspx?Ref=HG01762"",""HG01762"")"
HG01770,IBS049,F,IBS,EUR,NHGRI,1000 GENOMES PROJECT - IBERIAN POPULATIONS IN SPAIN;1000 GENOMES PROJECT - PANEL OF 100 IBERIAN POPULATIONS IN SPAIN,NA,1kg_phase3;1kg_GRCh38,"=HYPERLINK(""https://catalog.coriell.org/0/Sections/Search/Sample_Detail.aspx?Ref=HG01770"",""HG01770"")"
HG01771,IBS049,M,IBS,EUR,NHGRI,1000 GENOMES PROJECT - IBERIAN POPULATIONS IN SPAIN;1000 GENOMES PROJECT - PANEL OF 100 IBERIAN POPULATIONS IN SPAIN,NA,1kg_phase3;1kg_GRCh38,"=HYPERLINK(""https://catalog.coriell.org/0/Sections/Search/Sample_Detail.aspx?Ref=HG01771"",""HG01771"")"
