,1kg gender,x-coverage,y-coverage
HG00096,male,1.0,0.98
HG00097,female,1.98,0.0
HG00099,female,1.98,0.0
HG00100,female,1.98,0.0
HG00101,male,1.0,1.0
HG00102,female,2.0,0.0
HG00103,male,1.02,1.0
HG00105,male,1.0,1.02
HG00106,female,1.98,0.0
HG00107,male,1.0,1.02
HG00108,male,1.0,1.0
HG00109,male,1.02,1.0
HG00110,female,1.98,0.0
HG00111,female,1.98,0.0
HG00112,male,1.0,1.0
HG00113,male,1.0,1.0
HG00114,male,1.0,1.0
HG00115,male,1.02,1.02
HG00116,male,1.0,1.0
HG00117,male,1.0,0.98
HG00118,female,1.92,0.0
HG00119,male,1.02,1.0
HG00120,female,1.98,0.0
HG00121,female,2.0,0.0
HG00122,female,1.98,0.0
HG00123,female,1.98,0.0
HG00125,female,1.98,0.0
HG00126,male,1.02,0.98
HG00127,female,1.98,0.0
HG00128,female,1.98,0.0
HG00129,male,1.0,1.0
HG00130,female,1.96,0.0
HG00131,male,1.0,1.0
HG00132,female,1.98,0.0
HG00133,female,1.92,0.0
HG00136,male,1.02,1.02
HG00137,female,1.98,0.0
HG00138,male,1.0,1.0
HG00139,male,1.0,0.82
HG00140,male,1.02,1.0
HG00141,male,1.0,1.0
HG00142,male,0.98,0.92
HG00143,male,1.0,1.02
HG00145,male,1.02,1.0
HG00146,female,1.98,0.0
HG00148,male,1.0,1.0
HG00149,male,1.02,1.0
HG00150,female,1.98,0.0
HG00151,male,1.02,1.0
HG00154,female,1.36,0.0
HG00155,male,1.02,0.94
HG00157,male,1.02,1.0
HG00158,female,1.98,0.0
HG00159,male,1.0,0.88
HG00160,male,1.02,1.02
HG00171,female,1.96,0.0
HG00173,female,1.98,0.0
HG00174,female,1.88,0.0
HG00176,female,1.82,0.0
HG00177,female,1.98,0.0
HG00178,female,1.98,0.0
HG00179,female,1.98,0.0
HG00180,female,1.98,0.0
HG00181,male,1.02,1.0
HG00182,male,1.0,1.0
HG00183,male,1.0,0.98
HG00185,male,1.02,0.78
HG00186,male,1.0,1.0
HG00187,male,1.0,0.88
HG00188,male,1.0,1.0
HG00189,male,1.0,0.98
HG00190,male,1.0,1.0
HG00231,female,1.98,0.0
HG00232,female,1.96,0.0
HG00233,female,1.98,0.0
HG00234,male,1.02,1.0
HG00235,female,1.96,0.0
HG00236,female,1.96,0.0
HG00237,female,1.92,0.0
HG00238,female,1.98,0.0
HG00239,female,1.96,0.0
HG00240,female,1.98,0.0
HG00242,male,1.02,0.98
HG00243,male,1.02,1.0
HG00244,male,1.0,0.82
HG00245,female,1.98,0.0
HG00246,male,1.0,0.32
HG00250,female,1.94,0.0
HG00251,male,1.0,0.98
HG00252,male,1.0,0.98
HG00253,female,1.98,0.0
HG00254,female,1.98,0.0
HG00255,female,1.96,0.0
HG00256,male,1.0,1.0
HG00257,female,1.98,0.0
HG00258,female,2.0,0.0
HG00259,female,1.98,0.0
HG00260,male,1.0,1.0
HG00261,female,2.2,0.0
HG00262,female,1.94,0.0
HG00263,female,1.98,0.0
HG00264,male,1.02,0.9
HG00265,male,1.02,1.0
HG00266,female,1.98,0.0
HG00267,male,1.0,0.98
HG00268,female,1.98,0.0
HG00269,female,1.98,0.0
HG00271,male,1.02,1.0
HG00272,female,1.98,0.0
HG00273,male,1.0,1.0
HG00274,female,1.98,0.0
HG00275,female,1.96,0.0
HG00276,female,1.98,0.0
HG00277,male,1.0,1.0
HG00278,male,1.0,1.0
HG00280,male,1.02,1.0
HG00281,female,1.98,0.0
HG00282,female,1.98,0.0
HG00284,male,1.0,1.0
HG00285,female,2.0,0.0
HG00288,female,2.0,0.0
HG00290,male,1.02,1.0
HG00304,female,1.98,0.0
HG00306,female,1.98,0.0
HG00308,male,1.0,0.98
HG00309,female,1.98,0.0
HG00310,male,1.02,1.0
HG00311,male,1.0,1.0
HG00313,female,1.98,0.0
HG00315,female,1.98,0.0
HG00318,female,1.98,0.0
HG00319,female,1.98,0.0
HG00320,female,1.98,0.0
HG00321,male,1.02,1.0
HG00323,female,1.98,0.0
HG00324,female,2.02,0.0
HG00325,male,1.0,1.0
HG00326,female,1.98,0.0
HG00327,female,1.98,0.0
HG00328,female,1.96,0.0
HG00329,male,1.0,0.98
HG00330,female,1.96,0.0
HG00331,female,1.98,0.0
HG00332,female,1.96,0.0
HG00334,female,1.98,0.0
HG00335,male,1.02,1.0
HG00336,male,1.02,1.0
HG00337,female,1.98,0.0
HG00338,male,1.0,0.98
HG00339,female,1.96,0.0
HG00341,male,1.0,1.0
HG00342,male,1.0,0.98
HG00343,female,1.94,0.0
HG00344,female,1.96,0.0
HG00345,male,1.0,1.0
HG00346,female,1.98,0.0
HG00349,female,1.98,0.0
HG00350,female,1.98,0.0
HG00351,male,1.0,0.94
HG00353,female,2.0,0.0
HG00355,female,1.98,0.0
HG00356,female,1.98,0.0
HG00357,female,1.88,0.0
HG00358,male,1.02,1.0
HG00360,male,1.0,1.0
HG00361,female,1.14,0.0
HG00362,female,1.98,0.0
HG00364,female,1.98,0.0
HG00365,female,1.98,0.0
HG00366,male,1.0,1.0
HG00367,female,1.98,0.0
HG00368,female,1.98,0.0
HG00369,male,1.0,1.0
HG00371,male,1.02,0.98
HG00372,male,1.0,1.0
HG00373,female,1.98,0.0
HG00375,male,1.02,1.0
HG00376,female,1.86,0.0
HG00378,female,1.98,0.0
HG00379,female,1.98,0.0
HG00380,female,1.92,0.0
HG00381,female,1.98,0.0
HG00382,male,1.02,1.0
HG00383,female,1.98,0.0
HG00384,female,1.82,0.0
HG00403,male,1.0,1.04
HG00404,female,1.98,0.0
HG00406,male,1.0,1.0
HG00407,female,1.96,0.0
HG00409,male,1.0,1.0
HG00410,female,1.96,0.0
HG00419,female,1.98,0.0
HG00421,male,1.02,0.98
HG00422,female,1.98,0.0
HG00428,female,1.98,0.0
HG00436,male,1.0,1.0
HG00437,female,1.98,0.0
HG00442,male,1.0,1.0
HG00443,female,1.96,0.0
HG00445,male,1.02,0.98
HG00446,female,1.96,0.0
HG00448,male,1.0,1.0
HG00449,female,1.96,0.0
HG00451,male,1.02,1.0
HG00452,female,1.98,0.0
HG00457,male,1.0,1.0
HG00458,female,1.96,0.0
HG00463,male,1.02,0.98
HG00464,female,1.98,0.0
HG00472,male,1.0,1.0
HG00473,female,1.98,0.0
HG00475,male,1.0,1.0
HG00476,female,1.98,0.0
HG00478,male,1.0,1.0
HG00479,female,1.98,0.0
HG00500,male,1.0,1.0
HG00513,female,1.98,0.0
HG00524,male,1.02,1.0
HG00525,female,1.96,0.0
HG00530,male,1.0,1.0
HG00531,female,1.98,0.0
HG00533,male,1.02,0.98
HG00534,female,1.98,0.0
HG00536,male,1.0,1.0
HG00537,female,1.98,0.0
HG00542,male,1.0,1.02
HG00543,female,1.98,0.0
HG00551,female,1.94,0.0
HG00553,male,1.0,1.0
HG00554,female,1.96,0.0
HG00556,male,1.0,0.98
HG00557,female,1.98,0.0
HG00559,male,1.02,1.0
HG00560,female,1.98,0.0
HG00565,male,1.0,1.0
HG00566,female,2.0,0.0
HG00580,male,1.0,1.0
HG00581,female,1.98,0.0
HG00583,male,1.0,1.0
HG00584,female,1.96,0.0
HG00589,male,1.0,1.0
HG00590,female,1.98,0.0
HG00592,male,1.02,0.98
HG00593,female,2.0,0.0
HG00595,male,1.0,1.0
HG00596,female,1.98,0.0
HG00598,male,1.0,1.0
HG00599,female,1.98,0.0
HG00607,male,1.02,1.0
HG00608,female,2.0,0.0
HG00610,male,1.0,1.0
HG00611,female,1.94,0.0
HG00613,male,1.02,1.0
HG00614,female,1.98,0.0
HG00619,male,1.02,0.98
HG00620,female,1.98,0.0
HG00622,male,1.0,1.0
HG00623,female,1.96,0.0
HG00625,male,1.0,1.0
HG00626,female,2.0,0.0
HG00628,male,1.0,1.0
HG00629,female,1.98,0.0
HG00631,male,1.0,0.98
HG00632,female,2.06,0.0
HG00634,male,1.02,1.0
HG00637,male,1.0,0.98
HG00638,female,1.98,0.0
HG00640,male,1.02,0.98
HG00641,female,1.98,0.0
HG00650,male,1.02,1.0
HG00651,female,1.98,0.0
HG00653,male,1.02,1.0
HG00654,female,1.98,0.0
HG00656,male,1.02,1.02
HG00657,female,1.98,0.0
HG00662,male,1.02,1.0
HG00663,female,1.98,0.0
HG00671,male,1.02,1.0
HG00672,female,1.96,0.0
HG00674,male,1.02,1.0
HG00675,female,1.98,0.0
HG00683,male,1.0,1.0
HG00684,female,1.98,0.0
HG00689,male,1.0,0.96
HG00690,female,1.88,0.0
HG00692,male,1.02,1.0
HG00693,female,1.96,0.0
HG00698,male,1.02,1.0
HG00699,female,1.98,0.0
HG00701,male,1.0,1.02
HG00704,male,1.0,1.0
HG00705,female,2.02,0.0
HG00707,male,1.0,1.02
HG00708,female,1.98,0.0
HG00717,female,1.98,0.0
HG00728,male,1.0,1.0
HG00729,female,1.98,0.0
HG00731,male,1.0,1.0
HG00732,female,1.64,0.0
HG00734,female,1.98,0.0
HG00736,male,1.0,0.98
HG00737,female,1.98,0.0
HG00739,male,1.0,0.96
HG00740,female,1.98,0.0
HG00742,male,1.0,1.0
HG00743,female,1.98,0.0
HG00759,female,1.98,0.0
HG00766,female,1.98,0.0
HG00844,male,1.0,1.0
HG00851,female,1.98,0.0
HG00864,female,1.76,0.0
HG00867,female,1.98,0.0
HG00879,female,1.98,0.0
HG00881,male,1.0,0.98
HG00956,female,2.0,0.0
HG00978,female,1.98,0.0
HG00982,male,1.02,1.06
HG01028,male,1.0,1.0
HG01029,female,1.98,0.0
HG01031,male,1.0,1.06
HG01046,female,2.0,0.0
HG01047,male,1.02,1.0
HG01048,male,1.0,1.0
HG01049,female,1.96,0.0
HG01051,male,1.02,1.0
HG01052,female,1.98,0.0
HG01054,male,1.02,1.0
HG01055,female,1.94,0.0
HG01058,female,1.98,0.0
HG01060,male,1.0,1.0
HG01061,female,1.94,0.0
HG01063,male,1.0,1.0
HG01064,female,1.98,0.0
HG01066,male,1.02,0.84
HG01067,female,1.98,0.0
HG01069,male,1.02,0.98
HG01070,female,1.98,0.0
HG01072,male,1.0,1.0
HG01073,female,1.86,0.0
HG01075,male,1.0,0.98
HG01077,female,1.98,0.0
HG01079,male,1.0,1.0
HG01080,female,1.98,0.0
HG01082,male,1.0,1.0
HG01083,female,1.98,0.0
HG01085,male,1.0,1.0
HG01086,female,1.98,0.0
HG01088,male,1.0,1.0
HG01089,female,1.84,0.0
HG01092,female,1.96,0.0
HG01094,male,1.0,1.02
HG01095,female,1.98,0.0
HG01097,male,1.02,1.04
HG01098,female,1.98,0.0
HG01101,male,1.02,0.98
HG01102,female,2.0,0.0
HG01104,male,1.0,0.98
HG01105,female,1.98,0.0
HG01107,male,1.0,1.0
HG01108,female,1.98,0.0
HG01110,male,1.0,0.98
HG01111,female,1.98,0.0
HG01112,male,1.0,0.98
HG01113,female,1.98,0.0
HG01119,female,1.98,0.0
HG01121,male,1.0,1.0
HG01122,female,1.98,0.0
HG01124,male,1.0,0.98
HG01125,female,1.98,0.0
HG01130,male,1.02,0.98
HG01131,female,1.98,0.0
HG01133,male,1.02,1.0
HG01134,female,1.98,0.0
HG01136,male,1.0,0.98
HG01137,female,1.52,0.0
HG01139,male,1.0,1.0
HG01140,female,1.86,0.0
HG01142,male,1.0,1.0
HG01148,male,1.02,0.98
HG01149,female,1.98,0.0
HG01161,male,1.0,0.98
HG01162,female,1.98,0.0
HG01164,male,1.0,1.0
HG01167,male,1.02,1.02
HG01168,female,1.96,0.0
HG01170,male,1.02,1.0
HG01171,female,1.98,0.0
HG01173,male,1.02,0.98
HG01174,female,1.98,0.0
HG01176,male,1.0,1.0
HG01177,female,1.98,0.0
HG01182,male,1.0,1.0
HG01183,female,1.98,0.0
HG01187,male,1.0,0.98
HG01188,female,2.0,0.0
HG01190,male,1.02,1.0
HG01191,female,1.92,0.0
HG01197,male,1.0,0.98
HG01198,female,1.96,0.0
HG01200,male,1.0,1.0
HG01204,male,1.0,1.0
HG01205,female,1.88,0.0
HG01241,male,1.0,1.0
HG01242,female,1.98,0.0
HG01247,male,1.0,1.0
HG01248,female,1.92,0.0
HG01250,male,1.0,0.98
HG01251,female,1.98,0.0
HG01253,male,1.02,0.98
HG01254,female,1.94,0.0
HG01256,male,1.02,0.98
HG01257,female,1.92,0.0
HG01259,male,1.02,1.0
HG01260,female,1.98,0.0
HG01269,female,1.98,0.0
HG01271,male,1.02,0.98
HG01272,female,1.98,0.0
HG01275,female,1.98,0.0
HG01277,male,1.0,1.0
HG01280,male,1.0,1.0
HG01281,female,1.98,0.0
HG01284,female,1.94,0.0
HG01286,male,1.02,1.02
HG01302,male,1.02,1.0
HG01303,female,1.94,0.0
HG01305,male,1.0,0.98
HG01308,male,1.02,0.98
HG01311,male,1.0,1.0
HG01312,female,1.98,0.0
HG01323,female,1.98,0.0
HG01325,male,1.0,1.0
HG01326,female,1.98,0.0
HG01334,male,1.0,1.0
HG01341,male,1.0,1.0
HG01342,female,1.98,0.0
HG01344,male,1.0,1.0
HG01345,female,1.98,0.0
HG01348,female,1.92,0.0
HG01350,male,1.02,1.0
HG01351,female,2.0,0.0
HG01353,male,1.0,1.0
HG01354,female,1.98,0.0
HG01356,male,1.0,1.0
HG01357,female,1.94,0.0
HG01359,male,1.02,1.0
HG01360,female,1.96,0.0
HG01362,male,1.0,1.0
HG01363,female,1.98,0.0
HG01365,male,1.0,0.98
HG01366,female,1.3,0.0
HG01369,female,1.98,0.0
HG01372,female,1.98,0.0
HG01374,male,1.0,1.0
HG01375,female,1.98,0.0
HG01377,male,1.0,1.06
HG01378,female,1.98,0.0
HG01383,male,1.0,1.0
HG01384,female,1.98,0.0
HG01389,male,1.0,1.0
HG01390,female,1.98,0.0
HG01392,male,1.0,1.0
HG01393,female,1.98,0.0
HG01395,male,1.0,1.0
HG01396,female,1.98,0.0
HG01398,male,1.0,0.98
HG01402,male,1.0,1.0
HG01403,female,1.98,0.0
HG01405,male,1.0,0.98
HG01412,male,1.0,1.0
HG01413,male,1.0,1.0
HG01414,female,1.98,0.0
HG01431,male,1.0,0.98
HG01432,female,2.0,0.0
HG01435,female,2.0,0.0
HG01437,male,1.02,1.02
HG01438,female,1.9,0.0
HG01440,male,1.0,1.0
HG01441,female,1.98,0.0
HG01443,male,1.0,1.0
HG01444,female,1.98,0.0
HG01447,female,1.98,0.0
HG01455,male,1.0,0.98
HG01456,female,1.96,0.0
HG01459,female,1.98,0.0
HG01461,male,1.0,1.0
HG01462,female,1.98,0.0
HG01464,male,1.0,0.98
HG01465,female,2.0,0.0
HG01468,female,1.96,0.0
HG01474,female,1.96,0.0
HG01479,male,1.0,1.0
HG01485,male,1.0,0.98
HG01486,female,1.98,0.0
HG01488,male,1.02,0.98
HG01489,female,1.98,0.0
HG01491,male,1.02,0.98
HG01492,female,2.0,0.0
HG01494,male,1.0,1.0
HG01495,female,1.96,0.0
HG01497,male,1.0,1.0
HG01498,female,1.98,0.0
HG01500,male,1.0,1.0
HG01501,female,1.96,0.0
HG01503,male,1.0,0.98
HG01504,female,2.0,0.0
HG01506,male,1.0,0.98
HG01507,female,1.96,0.0
HG01509,male,1.0,0.98
HG01510,female,1.98,0.0
HG01512,male,1.02,0.98
HG01513,female,1.98,0.0
HG01515,male,1.02,1.0
HG01516,female,1.96,0.0
HG01518,male,1.02,0.98
HG01519,female,1.9,0.0
HG01521,male,1.0,1.0
HG01522,female,2.0,0.0
HG01524,male,1.0,1.0
HG01525,female,1.98,0.0
HG01527,male,1.0,1.0
HG01528,female,2.0,0.0
HG01530,male,1.02,1.02
HG01531,female,1.98,0.0
HG01536,male,1.0,1.0
HG01537,female,1.98,0.0
HG01550,male,1.0,1.0
HG01551,female,1.96,0.0
HG01556,male,1.0,0.96
HG01565,male,1.02,0.98
HG01566,female,1.98,0.0
HG01571,male,1.0,1.0
HG01572,female,1.98,0.0
HG01577,male,1.0,0.98
HG01578,female,1.98,0.0
HG01583,male,1.0,1.0
HG01586,male,1.0,1.0
HG01589,male,1.0,1.0
HG01593,female,1.98,0.0
HG01595,female,1.98,0.0
HG01596,male,1.0,1.0
HG01597,female,1.98,0.0
HG01598,female,1.96,0.0
HG01599,female,1.9,0.0
HG01600,female,1.92,0.0
HG01602,female,1.96,0.0
HG01603,male,1.0,1.0
HG01605,female,1.98,0.0
HG01606,male,1.02,1.0
HG01607,female,1.98,0.0
HG01608,male,1.02,1.02
HG01610,male,1.0,1.0
HG01612,female,1.98,0.0
HG01613,female,2.0,0.0
HG01615,male,1.0,0.98
HG01617,male,1.0,1.0
HG01618,female,1.98,0.0
HG01619,male,1.0,0.96
HG01620,female,1.98,0.0
HG01623,female,1.98,0.0
HG01624,male,1.02,1.0
HG01625,male,1.0,1.0
HG01626,female,1.98,0.0
HG01628,female,1.98,0.0
HG01630,male,1.02,1.0
HG01631,male,1.02,1.0
HG01632,female,2.0,0.0
HG01668,female,1.98,0.0
HG01669,male,1.02,0.98
HG01670,female,1.96,0.0
HG01672,male,1.0,1.0
HG01673,female,2.0,0.0
HG01675,male,1.0,1.0
HG01676,female,1.98,0.0
HG01678,male,1.0,1.0
HG01679,female,1.98,0.0
HG01680,male,1.0,0.98
HG01682,male,1.0,1.0
HG01684,female,2.02,0.0
HG01685,female,1.98,0.0
HG01686,male,1.0,1.0
HG01694,male,1.0,1.0
HG01695,female,1.98,0.0
HG01697,female,1.96,0.0
HG01699,male,1.0,1.0
HG01700,male,1.0,0.98
HG01702,female,1.98,0.0
HG01704,female,1.92,0.0
HG01705,male,1.02,1.0
HG01707,female,2.0,0.0
HG01708,male,1.0,0.98
HG01709,male,1.0,1.0
HG01710,female,2.0,0.0
HG01746,female,1.98,0.0
HG01747,male,1.0,1.0
HG01756,male,1.0,1.0
HG01757,female,2.0,0.0
HG01761,male,1.0,1.0
HG01762,female,1.98,0.0
HG01765,male,1.0,1.02
HG01766,female,2.0,0.0
HG01767,male,1.02,1.0
HG01768,female,1.98,0.0
HG01770,female,1.98,0.0
HG01771,male,1.0,0.98
HG01773,female,2.0,0.0
HG01775,male,1.0,1.0
HG01776,female,1.98,0.0
HG01777,male,1.0,1.0
HG01779,female,2.0,0.0
HG01781,male,1.02,1.0
HG01783,male,1.02,1.0
HG01784,female,1.98,0.0
HG01785,male,1.02,1.0
HG01786,female,2.0,0.0
HG01789,male,1.0,1.0
HG01790,female,1.98,0.0
HG01791,male,1.0,0.98
HG01794,female,2.0,0.0
HG01795,female,1.98,0.0
HG01796,female,2.0,0.0
HG01797,female,1.98,0.0
HG01798,female,2.0,0.0
HG01799,female,1.98,0.0
HG01800,female,2.0,0.0
HG01801,female,1.98,0.0
HG01802,female,2.0,0.0
HG01804,female,1.98,0.0
HG01805,female,1.98,0.0
HG01806,female,1.78,0.0
HG01807,female,1.98,0.0
HG01808,female,1.98,0.0
HG01809,female,1.98,0.0
HG01810,male,1.02,1.0
HG01811,male,1.0,1.0
HG01812,female,2.0,0.0
HG01813,female,1.98,0.0
HG01815,female,1.96,0.0
HG01816,male,1.0,1.0
HG01817,female,1.98,0.0
HG01840,male,1.0,1.0
HG01841,female,1.98,0.0
HG01842,male,1.0,1.0
HG01843,female,2.0,0.0
HG01844,male,1.0,0.98
HG01845,female,2.0,0.0
HG01846,male,1.0,1.0
HG01847,female,2.14,0.0
HG01848,female,1.98,0.0
HG01849,male,1.02,0.98
HG01850,female,1.98,0.0
HG01851,female,1.98,0.0
HG01852,male,1.0,1.0
HG01853,female,1.98,0.0
HG01855,female,1.98,0.0
HG01857,female,1.98,0.0
HG01858,female,1.98,0.0
HG01859,female,1.98,0.0
HG01860,male,1.0,1.0
HG01861,male,1.02,1.0
HG01862,female,1.98,0.0
HG01863,female,1.98,0.0
HG01864,male,1.0,1.0
HG01865,male,1.0,1.0
HG01866,male,1.0,1.0
HG01867,male,1.0,0.98
HG01868,female,1.98,0.0
HG01869,female,2.0,0.0
HG01870,female,1.98,0.0
HG01871,female,2.0,0.0
HG01872,male,1.0,1.0
HG01873,male,1.02,0.98
HG01874,female,1.98,0.0
HG01878,female,1.98,0.0
HG01879,male,1.0,1.0
HG01880,female,1.98,0.0
HG01882,male,1.0,1.2
HG01883,female,1.98,0.0
HG01885,male,1.02,0.98
HG01886,female,1.98,0.0
HG01889,female,1.98,0.0
HG01890,male,1.02,1.0
HG01892,male,1.0,1.0
HG01893,female,1.98,0.0
HG01894,female,2.0,0.0
HG01896,female,1.98,0.0
HG01912,male,1.02,0.98
HG01914,male,1.0,1.0
HG01915,female,1.98,0.0
HG01917,male,1.02,0.98
HG01918,female,1.96,0.0
HG01920,male,1.02,1.0
HG01921,female,1.98,0.0
HG01923,male,1.0,0.98
HG01924,female,1.98,0.0
HG01926,male,1.0,0.98
HG01927,female,1.98,0.0
HG01932,male,1.0,0.98
HG01933,female,1.98,0.0
HG01935,male,1.0,1.0
HG01936,female,1.98,0.0
HG01938,male,1.0,0.96
HG01939,female,1.98,0.0
HG01941,male,1.0,0.98
HG01942,female,2.0,0.0
HG01944,male,1.0,0.98
HG01945,female,1.98,0.0
HG01947,male,1.0,1.0
HG01948,female,1.98,0.0
HG01950,male,1.0,0.98
HG01951,female,1.96,0.0
HG01953,male,1.02,1.0
HG01954,female,1.98,0.0
HG01956,female,1.98,0.0
HG01958,female,1.98,0.0
HG01961,male,1.0,0.98
HG01965,female,1.98,0.0
HG01967,male,1.0,0.46
HG01968,female,1.82,0.0
HG01970,male,1.0,1.0
HG01971,female,1.98,0.0
HG01973,female,2.1,0.0
HG01974,male,1.0,1.0
HG01976,female,1.98,0.0
HG01977,male,1.02,0.96
HG01979,male,1.0,1.0
HG01980,female,1.98,0.0
HG01982,male,1.0,1.0
HG01985,female,1.98,0.0
HG01986,male,1.02,1.0
HG01988,male,1.0,1.0
HG01989,female,2.0,0.0
HG01990,male,1.0,0.98
HG01991,male,1.0,0.98
HG01992,female,1.98,0.0
HG01997,female,1.98,0.0
HG02002,male,1.0,1.0
HG02003,female,1.98,0.0
HG02006,female,1.96,0.0
HG02008,male,1.02,0.98
HG02009,male,1.0,1.0
HG02010,female,1.96,0.0
HG02012,female,1.98,0.0
HG02013,male,1.0,1.0
HG02014,male,1.0,0.98
HG02016,female,2.0,0.0
HG02017,male,1.02,1.0
HG02019,female,1.98,0.0
HG02020,male,1.0,1.0
HG02023,male,1.0,1.0
HG02025,female,2.02,0.0
HG02026,male,1.0,1.02
HG02028,female,1.98,0.0
HG02029,male,1.02,1.02
HG02031,female,1.98,0.0
HG02032,male,1.02,1.0
HG02035,male,1.0,1.0
HG02040,male,1.0,1.02
HG02047,male,1.0,1.0
HG02048,female,1.96,0.0
HG02049,female,1.98,0.0
HG02050,male,1.0,1.0
HG02051,male,1.0,0.98
HG02052,female,1.98,0.0
HG02053,male,1.0,0.54
HG02054,female,1.94,0.0
HG02057,female,1.98,0.0
HG02058,male,1.0,1.18
HG02060,female,2.0,0.0
HG02061,male,1.0,0.98
HG02064,male,1.02,1.0
HG02067,male,1.0,1.0
HG02069,female,1.98,0.0
HG02070,male,1.0,1.02
HG02072,female,1.98,0.0
HG02073,male,1.0,1.0
HG02075,female,2.0,0.0
HG02076,male,1.0,1.02
HG02078,female,1.98,0.0
HG02079,male,1.0,1.0
HG02081,female,2.0,0.0
HG02082,male,1.0,1.0
HG02084,female,1.98,0.0
HG02085,male,1.02,1.0
HG02086,female,1.98,0.0
HG02087,female,1.98,0.0
HG02088,male,1.0,1.0
HG02089,female,1.96,0.0
HG02090,male,1.0,0.98
HG02095,female,1.98,0.0
HG02102,female,2.26,0.0
HG02104,male,1.0,1.0
HG02105,female,2.0,0.0
HG02107,male,1.0,1.0
HG02108,female,2.0,0.0
HG02111,female,1.98,0.0
HG02113,female,1.96,0.0
HG02116,male,1.0,1.0
HG02121,female,1.96,0.0
HG02122,male,1.0,1.0
HG02127,female,1.98,0.0
HG02128,male,1.02,1.02
HG02130,female,1.98,0.0
HG02131,male,1.0,1.0
HG02133,female,1.98,0.0
HG02134,male,1.0,1.0
HG02136,female,1.98,0.0
HG02137,male,1.02,1.0
HG02138,male,1.0,1.0
HG02139,female,1.96,0.0
HG02140,female,2.0,0.0
HG02141,male,1.0,1.0
HG02142,female,1.98,0.0
HG02143,male,1.0,1.02
HG02144,female,1.74,0.0
HG02146,male,1.0,1.0
HG02147,female,2.0,0.0
HG02150,male,1.0,1.0
HG02151,female,1.98,0.0
HG02152,female,1.98,0.0
HG02153,female,1.98,0.0
HG02154,female,1.98,0.0
HG02155,female,1.98,0.0
HG02156,female,1.98,0.0
HG02164,female,1.98,0.0
HG02165,female,1.98,0.0
HG02166,female,1.98,0.0
HG02178,female,1.98,0.0
HG02179,female,1.98,0.0
HG02180,female,1.98,0.0
HG02181,female,2.0,0.0
HG02182,female,1.98,0.0
HG02184,female,2.0,0.0
HG02185,female,1.98,0.0
HG02186,female,1.96,0.0
HG02187,female,1.98,0.0
HG02188,female,2.0,0.0
HG02190,female,2.0,0.0
HG02215,female,1.94,0.0
HG02219,male,1.0,1.0
HG02220,female,1.88,0.0
HG02221,male,1.0,1.0
HG02223,female,1.98,0.0
HG02224,male,1.0,1.0
HG02230,female,1.98,0.0
HG02231,male,1.0,1.0
HG02232,female,1.98,0.0
HG02233,male,1.0,0.98
HG02235,female,2.0,0.0
HG02236,male,1.0,1.0
HG02238,male,1.0,1.0
HG02239,female,1.98,0.0
HG02250,male,1.0,1.0
HG02252,female,1.98,0.0
HG02253,male,1.0,1.02
HG02255,male,1.02,1.0
HG02256,female,1.98,0.0
HG02259,male,1.0,1.0
HG02260,female,1.98,0.0
HG02262,male,1.0,0.98
HG02265,male,1.0,1.0
HG02266,female,1.98,0.0
HG02271,male,1.0,1.0
HG02272,female,1.98,0.0
HG02274,male,1.02,0.98
HG02275,female,1.96,0.0
HG02277,male,1.0,0.98
HG02278,female,1.98,0.0
HG02281,male,1.0,0.98
HG02282,female,1.98,0.0
HG02283,male,1.0,0.98
HG02284,male,1.0,0.98
HG02285,male,1.0,1.0
HG02286,female,1.98,0.0
HG02291,male,1.0,0.98
HG02292,female,1.98,0.0
HG02298,female,1.98,0.0
HG02299,male,1.0,1.0
HG02301,female,1.98,0.0
HG02304,male,1.0,1.0
HG02307,male,1.02,0.96
HG02308,female,1.98,0.0
HG02309,female,1.98,0.0
HG02312,female,1.98,0.0
HG02314,male,1.02,1.0
HG02315,female,1.92,0.0
HG02317,male,1.0,1.0
HG02318,female,2.0,0.0
HG02322,female,1.94,0.0
HG02323,male,1.0,1.0
HG02325,female,1.98,0.0
HG02330,male,1.02,1.0
HG02332,male,1.0,1.0
HG02334,male,1.0,1.0
HG02337,female,1.98,0.0
HG02339,female,1.98,0.0
HG02343,male,1.0,1.0
HG02345,female,1.98,0.0
HG02348,female,1.98,0.0
HG02351,male,1.0,1.0
HG02353,male,1.0,0.98
HG02355,male,1.0,1.0
HG02356,male,1.02,1.0
HG02360,male,1.02,1.0
HG02364,male,1.0,1.0
HG02367,male,1.0,1.0
HG02371,male,1.02,0.98
HG02373,male,1.02,1.0
HG02374,male,1.0,1.0
HG02375,male,1.0,1.02
HG02379,male,1.02,1.0
HG02380,male,1.02,1.0
HG02382,male,1.02,1.02
HG02383,male,1.02,1.0
HG02384,male,1.0,1.06
HG02385,male,1.0,1.0
HG02386,male,1.0,1.0
HG02389,male,1.0,0.98
HG02390,male,1.02,1.06
HG02391,male,1.0,0.98
HG02392,male,1.02,0.98
HG02394,male,1.0,0.98
HG02395,male,1.0,1.0
HG02396,male,1.0,1.0
HG02397,male,1.0,1.0
HG02398,male,1.0,1.0
HG02399,male,1.02,1.0
HG02401,male,1.0,1.06
HG02402,male,1.0,1.0
HG02406,male,1.0,1.0
HG02407,male,1.0,1.0
HG02408,male,1.0,0.98
HG02409,male,1.0,1.0
HG02410,male,1.0,1.0
HG02419,female,1.98,0.0
HG02420,male,1.02,1.02
HG02425,female,2.0,0.0
HG02427,female,2.0,0.0
HG02429,male,1.0,0.98
HG02433,male,1.02,1.0
HG02439,male,1.0,1.0
HG02442,male,1.0,1.0
HG02445,male,1.02,1.0
HG02449,male,1.0,1.02
HG02450,female,1.98,0.0
HG02455,male,1.0,1.0
HG02461,male,1.0,1.02
HG02462,female,1.98,0.0
HG02464,male,1.0,1.0
HG02465,female,2.0,0.0
HG02470,male,1.0,0.98
HG02471,female,1.98,0.0
HG02476,female,2.0,0.0
HG02477,female,1.98,0.0
HG02479,female,1.98,0.0
HG02481,male,1.02,1.0
HG02484,male,1.0,1.0
HG02485,female,1.98,0.0
HG02489,male,1.0,1.0
HG02490,male,1.0,0.92
HG02491,female,1.96,0.0
HG02493,male,1.02,1.0
HG02494,female,2.0,0.0
HG02496,male,1.0,1.0
HG02497,female,1.98,0.0
HG02501,male,1.0,1.0
HG02502,female,2.0,0.0
HG02505,female,1.98,0.0
HG02508,female,1.98,0.0
HG02511,female,1.98,0.0
HG02512,male,1.0,1.02
HG02513,female,2.02,0.0
HG02521,male,1.0,1.0
HG02522,female,2.0,0.0
HG02536,male,1.0,1.0
HG02537,female,1.92,0.0
HG02541,male,1.0,1.0
HG02545,male,1.02,1.0
HG02546,female,1.98,0.0
HG02549,female,1.98,0.0
HG02554,male,1.0,1.02
HG02555,female,1.96,0.0
HG02557,male,1.0,1.0
HG02558,female,1.96,0.0
HG02561,male,1.0,1.0
HG02562,female,1.98,0.0
HG02568,female,1.98,0.0
HG02570,male,1.02,1.04
HG02571,female,1.98,0.0
HG02573,male,1.0,1.0
HG02574,female,1.98,0.0
HG02577,female,1.98,0.0
HG02580,female,1.98,0.0
HG02582,male,1.02,1.02
HG02583,female,1.94,0.0
HG02585,male,1.02,1.0
HG02586,female,1.98,0.0
HG02588,male,1.02,0.98
HG02589,female,1.98,0.0
HG02594,male,1.02,0.98
HG02595,female,1.98,0.0
HG02597,male,1.02,1.04
HG02600,male,1.02,1.0
HG02601,female,2.0,0.0
HG02603,male,1.02,1.0
HG02604,female,1.96,0.0
HG02610,male,1.02,1.02
HG02611,female,1.98,0.0
HG02613,male,1.0,0.98
HG02614,female,1.98,0.0
HG02620,male,1.02,1.0
HG02621,female,1.98,0.0
HG02623,male,1.02,1.02
HG02624,female,1.98,0.0
HG02628,male,1.02,1.0
HG02629,female,1.98,0.0
HG02634,male,1.0,1.04
HG02635,female,1.98,0.0
HG02642,male,1.02,1.08
HG02643,female,1.96,0.0
HG02645,male,1.0,1.02
HG02646,female,1.98,0.0
HG02648,male,1.0,1.0
HG02649,female,1.98,0.0
HG02651,male,1.0,1.0
HG02652,female,1.76,0.0
HG02654,male,1.02,1.0
HG02655,female,1.98,0.0
HG02657,male,1.02,1.0
HG02658,female,1.98,0.0
HG02660,male,1.02,1.0
HG02661,female,1.98,0.0
HG02666,male,1.02,1.0
HG02667,female,1.98,0.0
HG02675,male,1.0,1.0
HG02676,female,2.0,0.0
HG02678,male,1.02,1.0
HG02679,female,1.98,0.0
HG02681,male,1.02,1.0
HG02682,female,1.96,0.0
HG02684,male,1.02,0.98
HG02685,female,1.98,0.0
HG02687,male,1.0,0.98
HG02688,female,1.98,0.0
HG02690,male,1.02,1.0
HG02691,female,1.98,0.0
HG02694,female,1.84,0.0
HG02696,male,1.02,0.98
HG02697,female,1.98,0.0
HG02699,male,1.02,1.0
HG02700,female,1.98,0.0
HG02702,male,1.0,0.98
HG02703,female,1.98,0.0
HG02715,male,1.0,1.0
HG02716,female,1.96,0.0
HG02721,male,1.0,0.98
HG02722,female,1.98,0.0
HG02724,male,1.0,0.98
HG02725,female,1.92,0.0
HG02727,male,1.02,1.0
HG02728,female,1.98,0.0
HG02731,female,1.98,0.0
HG02733,male,1.02,1.0
HG02734,female,1.98,0.0
HG02736,male,1.0,1.0
HG02737,female,1.98,0.0
HG02756,male,1.0,1.0
HG02757,female,1.98,0.0
HG02759,male,1.02,1.0
HG02760,female,1.98,0.0
HG02763,female,2.0,0.0
HG02768,male,1.02,0.98
HG02769,female,1.98,0.0
HG02771,male,1.02,1.0
HG02772,female,1.98,0.0
HG02774,male,1.0,0.98
HG02775,female,2.0,0.0
HG02778,female,1.98,0.0
HG02780,male,1.02,1.0
HG02783,male,1.0,0.98
HG02784,female,1.96,0.0
HG02786,male,1.02,0.98
HG02787,female,1.98,0.0
HG02789,male,1.02,1.0
HG02790,female,2.0,0.0
HG02792,male,1.0,0.98
HG02793,female,2.0,0.0
HG02798,male,1.02,1.0
HG02799,female,1.98,0.0
HG02804,male,1.02,0.98
HG02805,female,2.6,0.0
HG02807,male,1.0,1.0
HG02808,female,1.98,0.0
HG02810,male,1.02,1.02
HG02811,female,1.98,0.0
HG02813,male,1.02,0.98
HG02814,female,1.98,0.0
HG02816,male,1.02,0.98
HG02817,female,1.96,0.0
HG02819,male,1.02,1.02
HG02820,female,1.98,0.0
HG02836,male,1.02,1.0
HG02837,female,1.88,0.0
HG02839,male,1.02,0.98
HG02840,female,1.98,0.0
HG02851,male,1.02,0.98
HG02852,female,1.98,0.0
HG02854,male,1.02,1.0
HG02855,female,2.0,0.0
HG02860,male,1.02,1.0
HG02861,female,1.98,0.0
HG02870,female,1.98,0.0
HG02878,male,1.02,0.98
HG02879,female,1.92,0.0
HG02881,male,1.02,1.0
HG02882,female,2.0,0.0
HG02884,male,1.02,0.98
HG02885,female,1.98,0.0
HG02887,male,1.0,0.98
HG02888,female,1.96,0.0
HG02890,male,1.0,1.0
HG02891,female,1.96,0.0
HG02895,male,1.02,1.0
HG02896,female,1.98,0.0
HG02922,female,1.98,0.0
HG02923,male,1.0,1.0
HG02938,male,1.0,1.0
HG02941,male,1.0,1.0
HG02943,female,1.98,0.0
HG02944,male,1.02,1.0
HG02946,female,1.98,0.0
HG02947,male,1.02,0.98
HG02952,female,1.94,0.0
HG02953,male,1.0,1.0
HG02968,male,1.02,1.0
HG02970,female,1.98,0.0
HG02971,male,1.02,1.0
HG02973,male,1.02,0.98
HG02974,female,1.98,0.0
HG02976,female,1.98,0.0
HG02977,male,1.0,0.98
HG02979,female,1.98,0.0
HG02981,male,1.0,1.02
HG02982,male,1.0,1.0
HG02983,female,1.98,0.0
HG03006,male,1.0,0.98
HG03007,female,1.98,0.0
HG03009,male,1.02,1.0
HG03012,male,1.02,1.0
HG03015,male,1.02,1.02
HG03016,female,1.76,0.0
HG03018,male,1.02,0.98
HG03019,female,1.3,0.0
HG03021,male,1.02,0.98
HG03022,female,1.96,0.0
HG03024,male,1.0,1.04
HG03025,female,1.98,0.0
HG03027,male,1.02,1.02
HG03028,female,1.98,0.0
HG03039,male,1.0,1.0
HG03040,female,1.96,0.0
HG03045,male,1.02,1.02
HG03046,female,1.96,0.0
HG03048,male,1.0,1.02
HG03049,female,2.0,0.0
HG03052,female,1.98,0.0
HG03054,male,1.02,0.98
HG03055,female,1.6,0.0
HG03057,male,1.02,1.0
HG03058,female,1.98,0.0
HG03060,male,1.02,1.0
HG03061,female,1.98,0.0
HG03063,male,1.02,0.98
HG03064,female,1.98,0.0
HG03066,male,1.0,1.0
HG03069,male,1.02,1.02
HG03072,male,1.02,0.98
HG03073,female,1.98,0.0
HG03074,male,1.02,0.98
HG03077,male,1.02,1.04
HG03078,male,1.0,0.98
HG03079,female,1.86,0.0
HG03081,male,1.0,1.0
HG03082,female,1.94,0.0
HG03084,male,1.02,1.02
HG03085,female,1.98,0.0
HG03086,female,1.98,0.0
HG03088,female,1.98,0.0
HG03091,female,1.98,0.0
HG03095,female,1.96,0.0
HG03096,male,1.02,1.02
HG03097,female,1.98,0.0
HG03099,female,2.0,0.0
HG03100,male,1.02,0.98
HG03103,male,1.02,1.0
HG03105,female,1.96,0.0
HG03108,female,1.94,0.0
HG03109,male,1.0,1.0
HG03111,female,2.0,0.0
HG03112,male,1.02,0.98
HG03114,female,2.0,0.0
HG03115,male,1.02,1.0
HG03117,female,1.98,0.0
HG03118,male,1.0,1.0
HG03120,male,1.02,1.02
HG03121,female,1.98,0.0
HG03123,female,1.98,0.0
HG03124,male,1.02,1.0
HG03126,female,1.98,0.0
HG03127,male,1.0,0.98
HG03129,female,1.96,0.0
HG03130,male,1.02,1.0
HG03132,female,1.88,0.0
HG03133,male,1.02,1.0
HG03135,female,2.0,0.0
HG03136,male,1.0,1.0
HG03139,male,1.02,1.0
HG03157,male,1.02,1.0
HG03159,female,1.98,0.0
HG03160,male,1.0,1.0
HG03162,female,1.98,0.0
HG03163,male,1.0,1.0
HG03166,male,1.0,1.02
HG03168,female,1.98,0.0
HG03169,male,1.0,1.0
HG03172,male,1.02,1.0
HG03175,male,1.0,1.0
HG03189,female,1.98,0.0
HG03190,male,1.02,1.0
HG03193,male,1.0,1.0
HG03195,female,1.94,0.0
HG03196,male,1.02,0.98
HG03198,female,1.98,0.0
HG03199,male,1.02,1.0
HG03202,male,1.0,1.0
HG03209,male,1.0,1.0
HG03212,female,1.98,0.0
HG03224,male,1.02,1.0
HG03225,male,1.0,1.0
HG03228,male,1.0,0.98
HG03229,female,2.0,0.0
HG03234,male,1.0,0.98
HG03235,female,1.98,0.0
HG03237,male,1.02,1.0
HG03238,female,2.0,0.0
HG03240,male,1.0,1.0
HG03241,female,1.96,0.0
HG03246,male,1.02,1.04
HG03247,female,1.98,0.0
HG03258,male,1.02,1.02
HG03259,female,1.98,0.0
HG03265,male,1.0,0.98
HG03267,female,1.98,0.0
HG03268,male,1.02,1.0
HG03270,female,1.98,0.0
HG03271,male,1.02,0.98
HG03279,female,1.98,0.0
HG03280,male,1.0,0.98
HG03291,female,1.98,0.0
HG03294,female,2.0,0.0
HG03295,male,1.02,0.98
HG03297,female,1.98,0.0
HG03298,male,1.02,0.98
HG03300,female,1.94,0.0
HG03301,male,1.02,1.02
HG03303,female,1.98,0.0
HG03304,male,1.02,1.0
HG03311,male,1.0,1.02
HG03313,male,1.02,1.0
HG03342,female,1.98,0.0
HG03343,male,1.02,1.0
HG03351,female,1.98,0.0
HG03352,male,1.0,0.8
HG03354,female,1.94,0.0
HG03363,female,1.98,0.0
HG03366,female,1.98,0.0
HG03367,male,1.02,1.0
HG03369,female,1.98,0.0
HG03370,male,1.0,1.0
HG03372,female,1.98,0.0
HG03376,male,1.02,1.0
HG03378,female,1.98,0.0
HG03380,female,1.98,0.0
HG03382,male,1.0,1.02
HG03385,male,1.0,1.02
HG03388,male,1.0,1.0
HG03391,male,1.0,1.0
HG03394,male,1.0,0.98
HG03397,male,1.0,1.0
HG03401,female,1.7,0.0
HG03410,female,1.98,0.0
HG03419,female,1.98,0.0
HG03428,female,1.96,0.0
HG03432,male,1.0,1.0
HG03433,male,1.0,1.0
HG03436,male,1.0,1.0
HG03437,female,1.98,0.0
HG03439,male,1.02,1.04
HG03442,male,1.02,1.0
HG03445,male,1.0,1.0
HG03446,female,1.92,0.0
HG03449,female,1.98,0.0
HG03451,male,1.02,1.0
HG03452,female,1.98,0.0
HG03455,female,1.98,0.0
HG03457,male,1.02,1.0
HG03458,female,1.98,0.0
HG03460,male,1.0,1.0
HG03461,female,2.0,0.0
HG03464,female,1.98,0.0
HG03469,male,1.0,1.0
HG03470,female,1.96,0.0
HG03472,male,1.02,0.98
HG03473,female,1.98,0.0
HG03476,female,2.0,0.0
HG03478,male,1.0,1.04
HG03479,female,2.0,0.0
HG03484,male,1.02,0.98
HG03485,female,1.98,0.0
HG03488,female,1.98,0.0
HG03490,male,1.02,1.02
HG03491,female,1.98,0.0
HG03499,female,1.96,0.0
HG03511,female,1.0,0.0
HG03514,female,1.98,0.0
HG03515,male,1.0,1.0
HG03517,female,1.86,0.0
HG03518,male,1.02,1.0
HG03520,female,1.98,0.0
HG03521,male,1.02,1.02
HG03538,male,1.02,0.98
HG03539,female,1.98,0.0
HG03547,male,1.02,1.0
HG03548,female,2.0,0.0
HG03556,male,1.0,1.0
HG03557,female,1.9,0.0
HG03558,female,1.98,0.0
HG03559,male,1.0,1.0
HG03563,female,1.98,0.0
HG03565,male,1.0,1.0
HG03567,female,2.0,0.0
HG03571,male,1.0,1.0
HG03572,female,1.98,0.0
HG03575,female,1.98,0.0
HG03577,male,1.02,1.0
HG03578,female,1.98,0.0
HG03583,female,2.0,0.0
HG03585,male,1.02,0.98
HG03589,female,1.96,0.0
HG03593,male,1.0,1.0
HG03594,male,1.02,1.0
HG03595,female,1.98,0.0
HG03598,female,1.98,0.0
HG03600,male,1.0,1.02
HG03603,male,1.0,0.98
HG03604,female,1.98,0.0
HG03607,female,1.98,0.0
HG03611,female,1.98,0.0
HG03615,male,1.0,0.66
HG03616,female,2.0,0.0
HG03619,female,1.98,0.0
HG03624,male,1.0,1.0
HG03625,female,1.98,0.0
HG03629,male,1.0,0.98
HG03631,female,1.98,0.0
HG03634,female,1.8,0.0
HG03636,male,1.0,1.0
HG03640,female,2.0,0.0
HG03642,female,2.0,0.0
HG03643,female,2.02,0.0
HG03644,male,1.02,1.0
HG03645,female,1.98,0.0
HG03646,male,1.02,1.0
HG03649,male,1.0,1.0
HG03652,male,1.0,1.0
HG03653,female,1.98,0.0
HG03660,male,1.0,1.0
HG03663,male,1.0,1.02
HG03667,male,1.0,1.0
HG03668,female,1.98,0.0
HG03672,male,1.02,1.0
HG03673,female,2.0,0.0
HG03679,male,1.0,1.0
HG03680,male,1.02,0.98
HG03681,male,1.02,0.98
HG03684,female,1.98,0.0
HG03685,male,1.02,1.0
HG03686,male,1.0,0.98
HG03687,male,1.0,0.98
HG03689,female,2.0,0.0
HG03690,female,2.0,0.0
HG03691,male,1.02,1.0
HG03692,female,1.98,0.0
HG03693,male,1.0,1.0
HG03694,male,1.02,1.0
HG03695,male,1.0,1.0
HG03696,male,1.02,1.0
HG03697,male,1.0,0.98
HG03698,female,1.98,0.0
HG03702,male,1.02,1.02
HG03703,female,1.98,0.0
HG03705,male,1.02,1.0
HG03706,female,1.98,0.0
HG03708,male,1.02,1.0
HG03709,female,1.96,0.0
HG03711,male,1.0,1.0
HG03713,male,1.02,0.98
HG03714,female,1.98,0.0
HG03716,male,1.02,0.98
HG03717,female,1.98,0.0
HG03718,male,1.0,1.0
HG03720,male,1.0,1.02
HG03722,female,2.0,0.0
HG03727,male,1.0,1.0
HG03729,male,1.02,1.0
HG03730,female,1.98,0.0
HG03731,female,1.98,0.0
HG03733,female,1.98,0.0
HG03736,female,1.98,0.0
HG03738,male,1.0,1.0
HG03740,male,1.0,1.0
HG03741,female,1.98,0.0
HG03742,male,1.02,1.0
HG03743,male,1.0,1.0
HG03744,male,1.02,1.0
HG03745,male,1.0,0.98
HG03746,male,1.0,1.0
HG03750,male,1.02,1.0
HG03752,female,1.98,0.0
HG03753,male,1.02,1.0
HG03754,female,1.98,0.0
HG03755,male,1.0,1.0
HG03756,female,1.98,0.0
HG03757,female,1.98,0.0
HG03760,female,1.98,0.0
HG03762,female,1.98,0.0
HG03765,female,1.98,0.0
HG03767,male,1.0,1.0
HG03770,female,1.98,0.0
HG03771,male,1.0,1.0
HG03772,female,1.98,0.0
HG03773,male,1.02,1.0
HG03774,female,2.0,0.0
HG03775,male,1.02,1.0
HG03777,male,1.02,1.0
HG03778,male,1.0,1.0
HG03779,male,1.02,1.02
HG03780,female,1.98,0.0
HG03781,female,1.98,0.0
HG03782,female,1.98,0.0
HG03784,female,1.98,0.0
HG03785,male,1.02,1.0
HG03786,male,1.02,0.98
HG03787,female,1.98,0.0
HG03788,male,1.0,1.0
HG03789,female,1.98,0.0
HG03790,male,1.0,1.0
HG03792,male,1.0,1.0
HG03793,female,1.98,0.0
HG03796,female,1.98,0.0
HG03800,male,1.02,1.0
HG03802,female,1.98,0.0
HG03803,male,1.0,1.0
HG03805,female,1.98,0.0
HG03808,female,1.96,0.0
HG03809,male,1.0,1.0
HG03812,male,1.02,1.04
HG03814,female,1.96,0.0
HG03815,male,1.02,1.0
HG03817,female,1.98,0.0
HG03821,male,1.02,0.98
HG03823,female,2.0,0.0
HG03824,male,1.02,0.98
HG03826,female,1.98,0.0
HG03829,female,1.98,0.0
HG03830,male,1.02,1.0
HG03832,female,1.98,0.0
HG03833,male,1.0,0.98
HG03836,female,1.98,0.0
HG03837,male,1.02,1.0
HG03838,female,1.98,0.0
HG03844,male,1.0,0.98
HG03846,male,1.02,1.0
HG03848,male,1.0,1.0
HG03849,female,1.98,0.0
HG03850,male,1.0,1.0
HG03851,male,1.0,1.0
HG03854,male,1.0,0.94
HG03856,male,1.02,1.0
HG03857,female,1.98,0.0
HG03858,female,1.98,0.0
HG03861,female,1.98,0.0
HG03862,female,1.98,0.0
HG03863,female,1.98,0.0
HG03864,male,1.02,0.98
HG03866,male,1.0,1.0
HG03867,male,1.02,0.98
HG03868,female,1.98,0.0
HG03869,male,1.0,1.0
HG03870,male,1.02,1.0
HG03871,male,1.02,0.98
HG03872,male,1.02,1.0
HG03873,female,2.0,0.0
HG03874,female,1.96,0.0
HG03875,male,1.0,1.0
HG03882,female,1.98,0.0
HG03884,female,2.02,0.0
HG03885,male,1.0,1.0
HG03886,female,1.98,0.0
HG03887,male,1.0,0.98
HG03888,female,1.98,0.0
HG03890,male,1.02,1.0
HG03894,female,2.0,0.0
HG03895,female,1.98,0.0
HG03896,male,1.02,1.0
HG03897,female,1.98,0.0
HG03898,female,1.98,0.0
HG03899,male,1.02,1.0
HG03900,male,1.02,1.0
HG03902,male,1.0,1.0
HG03905,male,1.0,1.0
HG03907,female,1.96,0.0
HG03908,male,1.0,1.0
HG03910,female,1.96,0.0
HG03911,male,1.0,1.0
HG03913,female,1.98,0.0
HG03914,male,1.0,1.0
HG03916,female,1.98,0.0
HG03917,male,1.0,1.0
HG03919,female,1.98,0.0
HG03920,male,1.02,0.98
HG03922,female,1.98,0.0
HG03925,female,1.98,0.0
HG03926,male,1.0,0.98
HG03928,female,1.98,0.0
HG03931,female,1.98,0.0
HG03934,female,1.98,0.0
HG03937,female,1.98,0.0
HG03940,female,1.98,0.0
HG03941,male,1.0,1.0
HG03943,male,1.02,0.98
HG03944,female,2.0,0.0
HG03945,female,2.0,0.0
HG03947,female,1.98,0.0
HG03949,female,1.98,0.0
HG03950,male,1.0,1.0
HG03951,female,1.98,0.0
HG03953,male,1.02,0.98
HG03955,female,1.98,0.0
HG03960,male,1.0,1.02
HG03963,male,1.02,0.98
HG03965,male,1.0,1.0
HG03967,male,1.02,1.0
HG03968,female,1.98,0.0
HG03969,male,1.0,1.0
HG03971,male,1.0,1.0
HG03973,female,2.04,0.0
HG03974,male,1.02,1.0
HG03976,male,1.02,1.0
HG03977,female,1.98,0.0
HG03978,male,1.0,0.98
HG03985,male,1.02,0.98
HG03986,female,1.98,0.0
HG03989,female,1.96,0.0
HG03990,male,1.02,0.98
HG03991,male,1.02,1.0
HG03995,female,1.98,0.0
HG03998,male,1.0,1.04
HG03999,male,1.02,0.98
HG04001,female,1.98,0.0
HG04002,male,1.0,1.0
HG04003,male,1.02,1.0
HG04006,male,1.02,1.0
HG04014,female,1.98,0.0
HG04015,male,1.02,1.0
HG04017,male,1.02,0.98
HG04018,female,1.98,0.0
HG04019,male,1.02,1.0
HG04020,male,1.0,0.98
HG04022,male,1.0,1.0
HG04023,male,1.0,1.0
HG04025,female,1.96,0.0
HG04026,female,1.98,0.0
HG04029,female,1.98,0.0
HG04033,male,1.0,0.98
HG04035,female,1.98,0.0
HG04038,female,1.98,0.0
HG04039,male,1.02,1.0
HG04042,female,1.98,0.0
HG04047,female,1.96,0.0
HG04054,female,1.96,0.0
HG04056,male,1.0,1.0
HG04059,female,1.98,0.0
HG04060,male,1.02,1.0
HG04061,male,1.0,1.02
HG04062,female,1.98,0.0
HG04063,female,1.98,0.0
HG04070,female,1.98,0.0
HG04075,female,1.98,0.0
HG04076,female,1.94,0.0
HG04080,male,1.0,1.0
HG04090,female,2.0,0.0
HG04093,male,1.0,1.0
HG04094,male,1.02,0.98
HG04096,male,1.02,0.98
HG04098,male,1.02,1.0
HG04099,female,1.98,0.0
HG04100,male,1.0,0.98
HG04106,female,1.96,0.0
HG04107,male,1.0,0.98
HG04118,female,1.96,0.0
HG04131,male,1.0,1.0
HG04134,male,1.02,1.02
HG04140,male,1.02,0.98
HG04141,female,1.98,0.0
HG04144,female,1.96,0.0
HG04146,male,1.0,1.0
HG04152,male,1.02,0.98
HG04153,female,1.98,0.0
HG04155,male,1.0,0.98
HG04156,female,1.98,0.0
HG04158,male,1.02,1.0
HG04159,female,2.12,0.0
HG04161,male,1.02,1.0
HG04162,female,1.96,0.0
HG04164,male,1.0,1.0
HG04171,female,1.98,0.0
HG04173,male,1.02,0.98
HG04176,male,1.02,0.98
HG04177,female,2.0,0.0
HG04180,female,1.98,0.0
HG04182,male,1.02,1.0
HG04183,female,1.98,0.0
HG04185,male,1.02,1.0
HG04186,female,1.98,0.0
HG04188,male,1.0,1.02
HG04189,female,1.98,0.0
HG04194,male,1.02,0.98
HG04195,female,1.98,0.0
HG04198,male,1.0,1.0
HG04200,female,1.98,0.0
HG04202,female,1.38,0.0
HG04206,male,1.02,1.0
HG04209,female,2.0,0.0
HG04210,male,1.02,1.0
HG04211,male,1.0,1.0
HG04212,female,1.98,0.0
HG04214,female,1.96,0.0
HG04216,female,1.98,0.0
HG04219,male,1.02,1.0
HG04222,male,1.02,1.0
HG04225,male,1.02,1.0
HG04227,female,1.98,0.0
HG04229,male,1.02,1.02
HG04235,male,1.02,1.0
HG04238,male,1.02,1.0
HG04239,male,1.02,1.0
NA06984,male,1.0,1.0
NA06985,female,1.98,0.0
NA06986,male,1.0,1.0
NA06989,female,1.98,0.0
NA06994,male,1.0,1.0
NA07000,female,1.98,0.0
NA07037,female,1.98,0.0
NA07048,male,1.0,0.98
NA07051,male,1.0,1.0
NA07056,female,1.98,0.0
NA07347,male,1.0,1.0
NA07357,male,1.0,0.98
NA10847,female,1.98,0.0
NA10851,male,1.0,0.98
NA11829,male,1.0,1.0
NA11830,female,2.0,0.0
NA11831,male,1.0,1.0
NA11832,female,1.96,0.0
NA11840,female,2.0,0.0
NA11843,male,1.0,0.98
NA11881,male,1.02,1.0
NA11892,female,2.0,0.0
NA11893,male,1.02,1.0
NA11894,female,1.98,0.0
NA11918,female,1.98,0.0
NA11919,male,1.0,1.0
NA11920,female,1.98,0.0
NA11930,male,1.0,1.0
NA11931,female,2.0,0.0
NA11932,male,1.0,0.98
NA11933,female,1.78,0.0
NA11992,male,1.02,1.24
NA11994,male,1.02,1.0
NA11995,female,1.98,0.0
NA12003,male,1.02,1.0
NA12004,female,1.98,0.0
NA12005,male,1.0,0.98
NA12006,female,1.98,0.0
NA12043,male,1.0,1.02
NA12044,female,2.0,0.0
NA12045,male,1.0,1.02
NA12046,female,2.0,0.0
NA12058,female,1.98,0.0
NA12144,male,1.0,1.0
NA12154,male,1.0,0.98
NA12155,male,1.02,1.0
NA12156,female,1.98,0.0
NA12234,female,1.98,0.0
NA12249,female,1.98,0.0
NA12272,male,1.0,1.0
NA12273,female,1.98,0.0
NA12275,female,2.0,0.0
NA12282,male,1.0,1.0
NA12283,female,1.98,0.0
NA12286,male,1.02,0.98
NA12287,female,2.0,0.0
NA12340,male,1.0,1.0
NA12341,female,1.98,0.0
NA12342,male,1.02,1.02
NA12347,male,1.02,0.98
NA12348,female,2.0,0.0
NA12383,female,1.98,0.0
NA12399,male,1.02,1.0
NA12400,female,2.0,0.0
NA12413,male,1.0,0.88
NA12414,female,2.0,0.0
NA12489,female,1.98,0.0
NA12546,male,1.0,1.0
NA12716,male,1.0,0.98
NA12717,female,1.98,0.0
NA12718,female,1.98,0.0
NA12748,male,1.0,1.0
NA12749,female,1.98,0.0
NA12750,male,1.02,0.98
NA12751,female,1.98,0.0
NA12760,male,1.02,1.0
NA12761,female,1.98,0.0
NA12762,male,1.02,1.0
NA12763,female,1.98,0.0
NA12775,male,1.0,0.98
NA12776,female,1.98,0.0
NA12777,male,1.02,1.0
NA12778,female,1.98,0.0
NA12812,male,1.0,1.0
NA12813,female,1.98,0.0
NA12814,male,1.02,0.98
NA12815,female,1.98,0.0
NA12827,male,1.0,1.02
NA12828,female,1.98,0.0
NA12829,male,1.0,1.0
NA12830,female,2.0,0.0
NA12842,male,1.0,1.02
NA12843,female,1.98,0.0
NA12872,male,1.02,1.0
NA12873,female,1.98,0.0
NA12874,male,1.0,1.0
NA12878,female,1.98,0.0
NA12889,male,1.02,1.0
NA12890,female,1.98,0.0
NA18486,male,1.0,0.98
NA18488,female,1.98,0.0
NA18489,female,2.0,0.0
NA18498,male,1.02,1.02
NA18499,female,1.96,0.0
NA18501,male,1.02,1.0
NA18502,female,2.0,0.0
NA18504,male,1.0,0.98
NA18505,female,1.98,0.0
NA18507,male,1.02,1.0
NA18508,female,1.98,0.0
NA18510,male,1.0,1.0
NA18511,female,1.98,0.0
NA18516,male,1.02,1.0
NA18517,female,1.98,0.0
NA18519,male,1.0,0.98
NA18520,female,1.76,0.0
NA18522,male,1.0,1.0
NA18523,female,2.0,0.0
NA18525,female,1.98,0.0
NA18526,female,2.0,0.0
NA18528,female,1.98,0.0
NA18530,male,1.0,1.0
NA18531,female,1.96,0.0
NA18532,female,2.0,0.0
NA18533,female,2.0,0.0
NA18534,male,1.0,1.0
NA18535,female,2.0,0.0
NA18536,male,1.0,1.02
NA18537,female,1.98,0.0
NA18538,female,1.98,0.0
NA18539,female,1.98,0.0
NA18541,female,1.98,0.0
NA18542,female,1.98,0.0
NA18543,male,1.02,1.0
NA18544,male,1.02,0.98
NA18545,female,1.96,0.0
NA18546,male,1.0,1.0
NA18547,female,1.96,0.0
NA18548,male,1.0,1.0
NA18549,male,1.0,1.0
NA18550,female,1.98,0.0
NA18552,female,1.96,0.0
NA18553,female,2.0,0.0
NA18555,female,1.98,0.0
NA18557,male,1.0,1.0
NA18558,male,1.0,0.98
NA18559,male,1.0,0.98
NA18560,female,1.98,0.0
NA18561,male,1.0,1.0
NA18562,male,1.02,1.0
NA18563,male,1.0,1.0
NA18564,female,1.98,0.0
NA18565,female,1.98,0.0
NA18566,female,1.98,0.0
NA18567,female,2.0,0.0
NA18570,female,1.98,0.0
NA18571,female,1.98,0.0
NA18572,male,1.02,0.98
NA18573,female,2.0,0.0
NA18574,female,1.98,0.0
NA18577,female,1.98,0.0
NA18579,female,1.98,0.0
NA18582,female,1.98,0.0
NA18591,female,2.0,0.0
NA18592,female,1.98,0.0
NA18593,female,1.98,0.0
NA18595,female,1.98,0.0
NA18596,female,1.98,0.0
NA18597,female,1.98,0.0
NA18599,female,1.98,0.0
NA18602,female,1.98,0.0
NA18603,male,1.0,1.0
NA18605,male,1.0,1.0
NA18606,male,1.02,1.02
NA18608,male,1.02,0.98
NA18609,male,1.02,0.98
NA18610,female,1.98,0.0
NA18611,male,1.0,1.0
NA18612,male,1.0,1.0
NA18613,male,1.02,1.0
NA18614,female,2.0,0.0
NA18615,female,1.96,0.0
NA18616,female,2.0,0.0
NA18617,female,1.98,0.0
NA18618,female,2.0,0.0
NA18619,female,1.98,0.0
NA18620,male,1.0,1.0
NA18621,male,1.02,1.0
NA18622,male,1.0,1.0
NA18623,male,1.02,1.0
NA18624,male,1.02,1.0
NA18625,female,1.98,0.0
NA18626,female,1.98,0.0
NA18627,female,1.98,0.0
NA18628,female,1.98,0.0
NA18629,male,1.02,1.0
NA18630,female,1.98,0.0
NA18631,female,2.0,0.0
NA18632,male,1.0,1.0
NA18633,male,1.0,1.0
NA18634,female,1.98,0.0
NA18635,male,1.02,1.0
NA18636,male,1.0,0.98
NA18637,male,1.02,1.0
NA18638,male,1.02,1.0
NA18639,male,1.0,1.0
NA18640,female,2.0,0.0
NA18641,female,2.02,0.0
NA18642,female,1.98,0.0
NA18643,male,1.0,0.98
NA18644,female,1.98,0.0
NA18645,male,1.02,0.98
NA18646,female,2.0,0.0
NA18647,male,1.02,1.02
NA18648,male,1.0,1.0
NA18740,male,1.0,1.0
NA18745,male,1.0,1.0
NA18747,male,1.0,1.0
NA18748,male,1.0,1.0
NA18749,male,1.02,1.0
NA18757,male,1.02,0.98
NA18853,male,1.02,1.0
NA18856,male,1.0,1.06
NA18858,female,2.0,0.0
NA18861,female,1.98,0.0
NA18864,female,1.5,0.0
NA18865,male,1.02,1.0
NA18867,female,1.94,0.0
NA18868,male,1.0,0.98
NA18870,female,1.98,0.0
NA18871,male,1.0,1.0
NA18873,female,1.98,0.0
NA18874,male,1.0,1.02
NA18876,female,2.0,0.0
NA18877,male,1.0,0.92
NA18878,female,1.98,0.0
NA18879,male,1.0,0.98
NA18881,female,1.98,0.0
NA18907,female,1.98,0.0
NA18908,male,1.02,1.02
NA18909,female,2.0,0.0
NA18910,male,1.0,1.04
NA18912,female,1.98,0.0
NA18915,male,1.02,0.96
NA18916,female,1.98,0.0
NA18917,male,1.02,1.04
NA18923,male,1.02,1.0
NA18924,female,1.98,0.0
NA18933,female,2.0,0.0
NA18934,male,1.0,1.0
NA18939,female,1.98,0.0
NA18940,male,1.02,1.0
NA18941,female,1.98,0.0
NA18942,female,1.98,0.0
NA18943,male,1.0,1.0
NA18944,male,1.0,1.0
NA18945,male,1.0,1.0
NA18946,female,2.44,0.0
NA18947,female,1.98,0.0
NA18948,male,1.0,1.0
NA18949,female,2.0,0.0
NA18950,female,1.98,0.0
NA18951,female,1.98,0.0
NA18952,male,1.0,0.98
NA18953,male,1.0,1.0
NA18954,female,1.98,0.0
NA18956,female,1.96,0.0
NA18957,female,2.0,0.0
NA18959,male,1.02,1.0
NA18960,male,1.0,1.0
NA18961,male,1.02,1.0
NA18962,male,1.0,1.0
NA18963,female,1.64,0.0
NA18964,female,1.98,0.0
NA18965,male,1.02,0.98
NA18966,male,1.02,1.34
NA18967,male,1.0,1.0
NA18968,female,1.98,0.0
NA18969,female,1.98,0.0
NA18970,male,1.02,0.98
NA18971,male,1.0,1.0
NA18972,female,1.96,0.0
NA18973,female,1.98,0.0
NA18974,male,1.0,1.0
NA18975,female,1.98,0.0
NA18976,female,2.0,0.0
NA18977,male,1.0,1.0
NA18978,female,1.54,0.0
NA18979,female,1.98,0.0
NA18980,female,1.98,0.0
NA18981,female,1.98,0.0
NA18982,male,1.0,1.0
NA18983,male,1.02,1.0
NA18984,male,1.0,1.0
NA18985,male,1.0,1.0
NA18986,male,1.0,1.0
NA18987,female,2.0,0.0
NA18988,male,1.0,1.0
NA18989,male,1.0,1.0
NA18990,male,1.0,1.0
NA18991,female,1.98,0.0
NA18992,female,1.96,0.0
NA18993,female,1.98,0.0
NA18994,male,1.0,1.0
NA18995,male,1.02,1.0
NA18997,female,1.98,0.0
NA18998,female,1.98,0.0
NA18999,female,1.98,0.0
NA19000,male,1.0,1.0
NA19001,female,1.98,0.0
NA19002,female,1.98,0.0
NA19003,female,1.98,0.0
NA19004,male,1.0,1.0
NA19005,male,1.0,1.0
NA19006,male,1.0,1.0
NA19007,male,1.0,1.0
NA19009,male,1.0,1.0
NA19010,female,1.98,0.0
NA19011,female,1.98,0.0
NA19012,male,1.0,1.0
NA19017,female,1.98,0.0
NA19019,female,1.98,0.0
NA19020,male,1.0,1.0
NA19023,female,1.98,0.0
NA19024,female,1.98,0.0
NA19025,male,1.0,1.02
NA19026,male,1.0,1.0
NA19027,male,1.0,1.0
NA19028,male,1.0,1.0
NA19030,female,1.98,0.0
NA19031,male,1.0,1.0
NA19035,male,1.0,1.0
NA19036,female,2.0,0.0
NA19037,female,2.0,0.0
NA19038,female,1.98,0.0
NA19041,male,1.02,1.0
NA19042,female,1.98,0.0
NA19043,male,1.0,1.0
NA19054,female,1.36,0.0
NA19055,male,1.02,1.0
NA19056,male,1.0,1.0
NA19057,female,2.0,0.0
NA19058,male,1.0,1.0
NA19059,female,1.98,0.0
NA19060,male,1.0,1.0
NA19062,male,1.0,1.0
NA19063,male,1.02,1.0
NA19064,female,2.0,0.0
NA19065,female,1.98,0.0
NA19066,male,1.0,1.0
NA19067,male,1.02,1.0
NA19068,male,1.0,1.0
NA19070,male,1.02,0.98
NA19072,male,1.0,1.0
NA19074,female,1.98,0.0
NA19075,male,1.0,1.0
NA19076,male,1.0,1.0
NA19077,female,2.0,0.0
NA19078,female,1.98,0.0
NA19079,male,1.02,1.0
NA19080,female,1.98,0.0
NA19081,female,2.0,0.0
NA19082,male,1.02,0.98
NA19083,male,1.02,0.98
NA19084,female,1.98,0.0
NA19085,male,1.02,1.0
NA19086,male,1.0,1.0
NA19087,female,1.98,0.0
NA19088,male,1.0,1.0
NA19089,male,1.02,1.0
NA19090,female,1.98,0.0
NA19091,male,1.0,1.02
NA19092,male,1.0,0.98
NA19093,female,1.98,0.0
NA19095,female,2.0,0.0
NA19096,male,1.0,1.0
NA19098,male,1.02,0.98
NA19099,female,1.98,0.0
NA19102,female,1.98,0.0
NA19107,male,1.0,1.0
NA19108,female,1.98,0.0
NA19113,male,1.02,0.98
NA19114,female,1.98,0.0
NA19116,female,1.98,0.0
NA19117,male,1.02,1.0
NA19118,female,1.98,0.0
NA19119,male,1.0,1.0
NA19121,male,1.0,0.98
NA19129,female,1.96,0.0
NA19130,male,1.02,1.0
NA19131,female,1.98,0.0
NA19137,female,1.98,0.0
NA19138,male,1.0,1.02
NA19141,male,1.0,0.98
NA19143,female,1.96,0.0
NA19144,male,1.0,1.0
NA19146,male,1.02,1.0
NA19147,female,1.98,0.0
NA19149,female,2.0,0.0
NA19152,female,1.98,0.0
NA19153,male,1.0,1.0
NA19159,female,1.98,0.0
NA19160,male,1.0,1.0
NA19171,male,1.02,1.0
NA19172,female,1.96,0.0
NA19175,male,1.02,1.0
NA19184,male,1.0,1.0
NA19185,female,1.98,0.0
NA19189,male,1.0,1.04
NA19190,female,2.0,0.0
NA19197,female,1.98,0.0
NA19198,male,1.02,1.0
NA19200,male,1.0,1.0
NA19201,female,1.98,0.0
NA19204,female,1.98,0.0
NA19206,female,1.96,0.0
NA19207,male,1.02,1.0
NA19209,female,1.98,0.0
NA19210,male,1.02,1.0
NA19213,male,1.0,1.02
NA19214,female,1.98,0.0
NA19222,female,1.98,0.0
NA19223,male,1.0,1.0
NA19225,female,1.98,0.0
NA19235,female,1.92,0.0
NA19236,male,1.0,1.0
NA19238,female,2.02,0.0
NA19239,male,1.02,1.02
NA19247,female,2.0,0.0
NA19248,male,1.0,1.0
NA19256,male,1.0,0.98
NA19257,female,1.98,0.0
NA19307,male,1.02,1.0
NA19308,male,1.02,1.0
NA19309,male,1.02,0.94
NA19310,female,2.0,0.0
NA19312,male,1.0,1.02
NA19314,female,1.98,0.0
NA19315,female,1.98,0.0
NA19316,female,1.98,0.0
NA19317,male,1.0,1.06
NA19318,male,1.0,1.0
NA19319,male,1.02,1.0
NA19320,female,1.98,0.0
NA19321,female,2.0,0.0
NA19323,female,2.0,0.0
NA19324,female,2.0,0.0
NA19327,female,1.96,0.0
NA19328,female,1.98,0.0
NA19331,male,1.0,1.0
NA19332,female,1.02,0.0
NA19334,male,1.0,1.0
NA19338,female,1.98,0.0
NA19346,male,1.0,1.0
NA19347,male,1.0,1.0
NA19350,male,1.0,1.0
NA19351,female,1.98,0.0
NA19355,female,2.0,0.0
NA19360,male,1.0,1.0
NA19372,male,1.02,1.0
NA19374,male,1.02,1.04
NA19375,male,1.0,1.0
NA19376,male,1.0,1.0
NA19377,female,1.86,0.0
NA19378,female,1.98,0.0
NA19379,female,1.96,0.0
NA19380,male,1.0,1.0
NA19383,male,1.02,1.02
NA19384,male,1.0,1.02
NA19385,male,1.0,1.0
NA19390,female,1.96,0.0
NA19391,female,2.0,0.0
NA19393,male,1.0,1.0
NA19394,male,1.0,1.02
NA19395,female,1.14,0.0
NA19397,male,1.0,1.02
NA19399,female,2.0,0.0
NA19401,female,2.0,0.0
NA19403,female,2.0,0.0
NA19404,female,1.98,0.0
NA19428,male,1.02,0.98
NA19429,male,1.0,1.02
NA19430,male,1.0,1.0
NA19431,female,1.98,0.0
NA19434,female,1.96,0.0
NA19435,female,1.98,0.0
NA19436,female,1.98,0.0
NA19437,female,1.98,0.0
NA19438,female,1.98,0.0
NA19439,female,1.98,0.0
NA19440,female,1.98,0.0
NA19443,male,1.0,1.0
NA19445,female,1.98,0.0
NA19446,female,1.98,0.0
NA19448,male,1.02,1.0
NA19449,female,2.06,0.0
NA19451,male,1.0,1.02
NA19452,male,1.02,0.98
NA19454,male,1.0,1.0
NA19455,male,1.0,1.02
NA19456,female,1.98,0.0
NA19457,female,1.98,0.0
NA19461,male,1.02,1.02
NA19462,female,1.98,0.0
NA19463,female,2.02,0.0
NA19466,male,1.02,0.98
NA19467,female,1.98,0.0
NA19468,female,2.0,0.0
NA19471,female,2.0,0.0
NA19472,female,1.98,0.0
NA19473,female,1.98,0.0
NA19474,female,1.98,0.0
NA19475,female,1.98,0.0
NA19625,female,1.96,0.0
NA19648,female,1.98,0.0
NA19649,male,1.0,1.0
NA19651,female,1.98,0.0
NA19652,male,1.02,1.0
NA19654,female,2.0,0.0
NA19655,male,1.02,0.98
NA19657,female,2.0,0.0
NA19658,male,1.0,0.98
NA19661,male,1.02,1.02
NA19663,female,2.0,0.0
NA19664,male,1.02,1.0
NA19669,female,1.96,0.0
NA19670,male,1.02,1.02
NA19676,male,1.0,1.0
NA19678,female,1.96,0.0
NA19679,male,1.0,0.98
NA19681,female,1.98,0.0
NA19682,male,1.02,1.0
NA19684,female,1.98,0.0
NA19700,male,1.0,1.0
NA19701,female,1.98,0.0
NA19703,male,1.0,1.0
NA19704,female,1.98,0.0
NA19707,female,1.98,0.0
NA19711,male,1.0,1.0
NA19712,female,2.0,0.0
NA19713,female,2.0,0.0
NA19716,female,2.0,0.0
NA19717,male,1.0,1.02
NA19719,female,1.98,0.0
NA19720,male,1.02,0.98
NA19722,female,2.0,0.0
NA19723,male,1.02,1.0
NA19725,female,2.0,0.0
NA19726,male,1.02,0.98
NA19728,female,1.98,0.0
NA19729,male,1.02,1.0
NA19731,female,2.0,0.0
NA19732,male,1.02,1.0
NA19734,female,2.0,0.0
NA19735,male,1.0,0.98
NA19740,female,1.98,0.0
NA19741,male,1.0,1.0
NA19746,female,1.98,0.0
NA19747,male,1.02,0.98
NA19749,female,2.0,0.0
NA19750,male,1.02,1.0
NA19752,female,1.94,0.0
NA19755,female,1.98,0.0
NA19756,male,1.02,0.98
NA19758,female,2.0,0.0
NA19759,male,1.02,1.0
NA19761,female,2.0,0.0
NA19762,male,1.02,1.0
NA19764,female,2.0,0.0
NA19770,female,1.98,0.0
NA19771,male,1.02,1.0
NA19773,female,1.98,0.0
NA19774,male,1.0,1.0
NA19776,female,2.0,0.0
NA19777,male,1.02,1.0
NA19779,female,2.0,0.0
NA19780,male,1.02,1.0
NA19782,female,2.0,0.0
NA19783,male,1.02,1.0
NA19785,female,1.96,0.0
NA19786,male,1.0,1.0
NA19788,female,1.98,0.0
NA19789,male,1.0,1.0
NA19792,male,1.0,1.0
NA19794,female,1.98,0.0
NA19795,male,1.0,1.0
NA19818,male,1.0,1.0
NA19819,female,1.98,0.0
NA19834,male,1.0,1.0
NA19835,female,1.98,0.0
NA19900,male,1.0,1.02
NA19901,female,1.96,0.0
NA19904,male,1.02,1.0
NA19908,male,1.0,1.0
NA19909,female,2.0,0.0
NA19913,female,1.98,0.0
NA19914,female,1.98,0.0
NA19916,male,1.0,1.0
NA19917,female,1.98,0.0
NA19920,male,1.0,1.0
NA19921,female,1.98,0.0
NA19922,male,1.02,1.0
NA19923,female,1.98,0.0
NA19982,male,1.0,1.02
NA19984,male,1.02,1.0
NA20126,male,1.0,1.0
NA20127,female,2.0,0.0
NA20274,female,1.94,0.0
NA20276,female,2.0,0.0
NA20278,male,1.0,1.0
NA20281,male,1.0,1.0
NA20282,female,1.96,0.0
NA20287,female,1.98,0.0
NA20289,female,1.86,0.0
NA20291,male,1.0,1.0
NA20294,female,1.98,0.0
NA20296,female,1.98,0.0
NA20298,male,1.0,1.0
NA20299,female,1.98,0.0
NA20314,female,1.98,0.0
NA20317,female,1.98,0.0
NA20318,male,1.0,1.0
NA20320,female,1.98,0.0
NA20321,female,1.98,0.0
NA20332,female,2.0,0.0
NA20334,female,1.98,0.0
NA20339,female,1.98,0.0
NA20340,male,1.0,0.98
NA20342,male,1.02,1.0
NA20346,male,1.0,0.98
NA20348,male,1.0,1.0
NA20351,male,1.0,1.0
NA20355,female,1.96,0.0
NA20356,male,1.02,1.0
NA20357,female,2.0,0.0
NA20359,female,1.98,0.0
NA20362,male,1.02,1.02
NA20412,female,1.98,0.0
NA20502,female,1.96,0.0
NA20503,female,1.98,0.0
NA20504,female,1.98,0.0
NA20505,female,2.0,0.0
NA20506,female,1.08,0.0
NA20507,female,1.98,0.0
NA20508,female,2.0,0.0
NA20509,male,1.0,1.0
NA20510,male,1.02,0.98
NA20511,male,1.0,1.0
NA20512,male,1.02,1.0
NA20513,male,1.0,0.94
NA20514,female,1.98,0.0
NA20515,male,1.02,1.02
NA20516,male,1.0,0.98
NA20517,female,1.98,0.0
NA20518,male,1.02,1.0
NA20519,male,1.0,1.02
NA20520,male,1.02,0.98
NA20521,male,1.02,0.98
NA20522,female,1.98,0.0
NA20524,male,1.02,1.0
NA20525,male,1.0,1.0
NA20527,male,1.0,1.0
NA20528,male,1.0,0.98
NA20529,female,1.98,0.0
NA20530,female,1.14,0.0
NA20531,female,1.98,0.0
NA20532,male,1.02,1.0
NA20533,female,1.2,0.0
NA20534,male,1.02,1.0
NA20535,female,1.78,0.0
NA20536,male,1.0,1.0
NA20538,male,1.0,1.0
NA20539,male,1.0,1.0
NA20540,female,1.84,0.0
NA20541,female,1.98,0.0
NA20542,female,1.98,0.0
NA20543,male,1.02,1.0
NA20544,male,1.0,0.98
NA20581,male,1.02,1.0
NA20582,female,1.96,0.0
NA20585,female,1.98,0.0
NA20586,male,1.0,1.0
NA20587,female,1.98,0.0
NA20588,male,1.02,0.98
NA20589,female,1.96,0.0
NA20752,male,1.0,0.98
NA20753,female,1.98,0.0
NA20754,male,1.02,0.4
NA20755,male,1.02,1.0
NA20756,female,1.96,0.0
NA20757,female,1.98,0.0
NA20758,male,1.0,1.0
NA20759,male,1.0,0.98
NA20760,female,2.0,0.0
NA20761,female,2.0,0.0
NA20762,male,1.0,1.0
NA20763,male,1.0,1.0
NA20764,female,1.98,0.0
NA20765,male,1.02,1.0
NA20766,female,2.0,0.0
NA20767,male,1.0,0.98
NA20768,female,1.96,0.0
NA20769,female,1.76,0.0
NA20770,male,1.02,0.98
NA20771,female,1.9,0.0
NA20772,female,1.96,0.0
NA20773,female,1.98,0.0
NA20774,female,2.0,0.0
NA20775,female,1.98,0.0
NA20778,male,1.02,1.0
NA20783,male,1.0,1.0
NA20785,male,1.0,1.02
NA20786,female,1.98,0.0
NA20787,male,1.02,1.0
NA20790,female,1.62,0.0
NA20792,male,1.0,1.02
NA20795,female,1.98,0.0
NA20796,male,1.02,1.0
NA20797,female,2.02,0.0
NA20798,male,1.0,1.0
NA20799,female,1.98,0.0
NA20800,female,1.96,0.0
NA20801,male,1.0,1.0
NA20802,female,1.98,0.0
NA20803,male,1.02,0.98
NA20804,female,1.98,0.0
NA20805,male,1.0,1.0
NA20806,male,1.0,0.98
NA20807,female,1.98,0.0
NA20808,female,1.94,0.0
NA20809,male,1.02,1.02
NA20810,male,1.02,1.0
NA20811,male,1.02,0.98
NA20812,male,1.02,0.96
NA20813,female,1.94,0.0
NA20814,male,1.0,1.0
NA20815,male,1.02,1.02
NA20818,female,2.0,0.0
NA20819,female,1.98,0.0
NA20821,female,2.9,0.0
NA20822,female,1.98,0.0
NA20826,female,2.0,0.0
NA20827,male,1.02,1.0
NA20828,female,2.0,0.0
NA20832,female,1.5,0.0
NA20845,male,1.02,1.0
NA20846,male,1.0,1.0
NA20847,female,1.98,0.0
NA20849,female,2.0,0.0
NA20850,male,1.0,1.0
NA20851,female,2.0,0.0
NA20852,male,1.0,1.0
NA20853,female,2.0,0.0
NA20854,female,1.98,0.0
NA20856,female,1.98,0.0
NA20858,male,1.0,1.0
NA20859,female,1.98,0.0
NA20861,male,1.0,1.0
NA20862,female,1.98,0.0
NA20863,male,1.0,1.02
NA20864,male,1.02,1.02
NA20866,male,1.0,1.0
NA20867,male,1.0,1.02
NA20868,female,1.98,0.0
NA20869,female,1.98,0.0
NA20870,male,1.0,1.02
NA20872,female,1.98,0.0
NA20874,female,1.98,0.0
NA20875,female,2.0,0.0
NA20876,female,2.0,0.0
NA20877,female,1.98,0.0
NA20878,female,1.98,0.0
NA20881,female,1.98,0.0
NA20882,female,1.98,0.0
NA20884,male,1.0,1.02
NA20885,male,1.0,0.98
NA20886,female,1.94,0.0
NA20887,male,1.02,1.0
NA20888,female,1.98,0.0
NA20889,male,1.02,0.98
NA20890,male,1.0,1.0
NA20891,male,1.02,0.98
NA20892,female,1.8,0.0
NA20894,female,1.98,0.0
NA20895,male,1.0,1.0
NA20896,female,1.98,0.0
NA20897,male,1.0,1.04
NA20899,female,1.94,0.0
NA20900,female,1.92,0.0
NA20901,male,1.02,0.98
NA20902,female,1.98,0.0
NA20903,male,1.02,1.0
NA20904,male,1.0,1.0
NA20905,male,1.0,0.98
NA20906,female,1.98,0.0
NA20908,female,1.96,0.0
NA20910,female,1.98,0.0
NA20911,male,1.0,1.0
NA21086,female,1.98,0.0
NA21087,male,1.02,1.0
NA21088,female,1.96,0.0
NA21089,female,1.98,0.0
NA21090,male,1.0,1.0
NA21091,male,1.02,1.0
NA21092,male,1.02,1.0
NA21093,male,1.02,1.0
NA21094,male,1.02,0.98
NA21095,male,1.0,1.0
NA21097,female,2.0,0.0
NA21098,male,1.0,1.0
NA21099,male,1.0,1.0
NA21100,male,1.0,1.0
NA21101,female,1.98,0.0
NA21102,female,1.96,0.0
NA21103,female,1.98,0.0
NA21104,male,1.0,0.98
NA21105,male,1.0,1.0
NA21106,female,1.96,0.0
NA21107,male,1.0,0.98
NA21108,female,1.98,0.0
NA21109,male,1.0,1.0
NA21110,female,2.0,0.0
NA21111,male,1.02,0.98
NA21112,male,1.0,1.0
NA21113,male,1.02,0.98
NA21114,male,1.02,1.0
NA21115,male,1.02,1.0
NA21116,male,1.02,0.96
NA21117,male,1.0,0.98
NA21118,male,1.02,1.0
NA21119,male,1.0,0.98
NA21120,female,1.94,0.0
NA21122,female,1.98,0.0
NA21123,male,1.02,0.98
NA21124,male,1.0,1.0
NA21125,female,1.98,0.0
NA21126,male,1.02,1.0
NA21127,male,1.02,1.0
NA21128,male,1.0,1.0
NA21129,male,1.02,1.0
NA21130,male,1.02,1.0
NA21133,male,1.02,1.0
NA21135,male,1.0,1.0
NA21137,female,1.96,0.0
NA21141,female,1.98,0.0
NA21142,female,1.82,0.0
NA21143,female,1.96,0.0
NA21144,female,1.98,0.0
